,comprimento,peso,classe
0,45.23141495968331,431.54867128329664,cachorro
1,38.00375263895457,517.8709137705544,gato
2,53.60859153705031,444.025761833003,cachorro
3,39.31573084104068,524.0665793903748,gato
4,45.58130118735478,450.55200011640784,cachorro
5,41.00025801846091,661.3274775662493,gato
6,51.50927462665758,514.7563359633322,cachorro
7,45.33860726317643,555.9284831664836,gato
8,46.99500972033066,495.9415843059319,cachorro
9,38.49097994788292,497.02280826392035,gato
10,47.11244722319786,407.30508133400417,cachorro
11,46.73183651251743,676.5495651073854,gato
12,63.122445191339615,612.8435526772214,cachorro
13,39.8610654082846,540.7738040846647,gato
14,52.68090738785597,527.5289291913958,cachorro
15,44.95869066940206,585.7523063213835,gato
16,42.87430988381116,497.05195558937413,cachorro
17,38.51728012514606,579.8585064644698,gato
18,48.313016007454934,490.0590689709436,cachorro
19,32.68906510775744,444.96557113372825,gato
20,51.97669663742181,550.5906383804846,cachorro
21,39.82888414367384,553.9757605534935,gato
22,40.77265296993479,409.33255884476284,cachorro
23,37.62280417570155,487.33423670824817,gato
24,51.74695970312096,494.19902519266793,cachorro
25,36.584692653674935,501.32456108767553,gato
26,48.0317058342208,466.34129683895816,cachorro
27,41.3597482744405,545.1928189335664,gato
28,54.55284492341066,631.1896253226198,cachorro
29,46.04307582575951,594.5940715915823,gato
30,46.78086059500185,485.85641822369047,cachorro
31,39.92873261472547,603.9599015264289,gato
32,51.09599370968357,534.1759051581548,cachorro
33,38.11328998540186,537.4157412291195,gato
34,44.48807822332127,378.5038861635426,cachorro
35,41.98369862003832,522.5301033253133,gato
36,46.9272323887877,510.26746422712955,cachorro
37,48.89161807351806,641.3454066620722,gato
38,47.846913780228036,515.0398993441249,cachorro
39,45.77814708235304,631.8047295314218,gato
40,45.682898798870454,434.2160242238625,cachorro
41,46.104520376385906,560.6348787559182,gato
42,50.32935799635323,564.646539808058,cachorro
43,46.12653202850589,581.4737848844238,gato
44,48.55755032065539,475.11200849897807,cachorro
45,35.44972764384173,507.1254611010286,gato
46,45.753269692316394,485.34705063496904,cachorro
47,35.645352263496896,483.8987045936069,gato
48,46.995435494927676,471.7496457893481,cachorro
49,28.72406470133435,464.47460951528234,gato
50,48.84514566610464,495.10688999130406,cachorro
51,47.190217031636166,622.941289620516,gato
52,52.095576457714806,528.1370789547645,cachorro
53,45.26607273099299,634.1062991345024,gato
54,55.75454598993386,554.5953432144834,cachorro
55,35.82441291729436,518.1037345351549,gato
56,44.55699289708382,445.2309687925505,cachorro
57,39.40953414917652,460.83729645058764,gato
58,48.31221982470934,435.1260356849151,cachorro
59,34.53109990972214,434.20127826399977,gato
60,52.09501970146318,552.4807288368299,cachorro
61,35.41545372648022,467.4222858603622,gato
62,45.83703907796236,410.67295728252117,cachorro
63,43.73227081637859,543.4773313662995,gato
64,54.533082632476486,414.71069719658567,cachorro
65,31.910775792869984,494.0562247349544,gato
66,47.92327074933182,380.80657662946004,cachorro
67,51.58900556313789,698.5537497820582,gato
68,51.35240955802841,382.72938321394435,cachorro
69,45.07150150169087,596.3872958479758,gato
70,48.670585685196606,463.1663957452311,cachorro
71,31.720410948007896,427.1239452915397,gato
72,51.65445651793272,561.3284956855489,cachorro
73,43.885605706207805,602.7272064033623,gato
74,50.59000679069953,527.8312631921069,cachorro
75,51.45250223482331,664.3209473253496,gato
76,41.96246224529101,435.25539237985663,cachorro
77,38.94930859439994,494.91392670540455,gato
78,43.451796815392626,464.1979990275777,cachorro
79,37.30552227102144,513.0294235195174,gato
80,45.37693809843067,501.7677269595696,cachorro
81,38.60773854366433,517.1045243775205,gato
82,42.135145834797996,366.6811052839048,cachorro
83,46.01923863960282,561.8194202191528,gato
84,54.74602446693483,571.9821072488634,cachorro
85,42.428843591489546,581.879012399251,gato
86,49.83694475290945,553.4108171451254,cachorro
87,41.415510335350604,505.9468385576201,gato
88,48.438037198623746,557.4841195773129,cachorro
89,35.05383473138307,498.8330400512525,gato
90,49.5385519278704,548.671266597963,cachorro
91,36.62066175247579,565.6933477422572,gato
92,44.5920278766738,451.21536692701306,cachorro
93,35.34223010571101,509.2401176411242,gato
94,47.04690640790908,400.75048152572225,cachorro
95,42.60849159956444,534.8676892211083,gato
96,53.49376598457215,401.72895396763073,cachorro
97,48.97610565317207,636.0025566726715,gato
98,58.88418712485604,634.5001874951166,cachorro
99,41.46881994639612,558.2487504961235,gato
100,47.93293209450351,516.6614135596888,cachorro
101,40.58801485478678,500.2582889394914,gato
102,49.35231318111862,524.5683763157358,cachorro
103,42.09703925463667,587.40995894076,gato
104,52.954177338158765,409.4814802869886,cachorro
105,42.55498281196681,644.635584578816,gato
106,53.109822700749405,520.6271731493378,cachorro
107,36.16087933220491,494.62856571487373,gato
108,59.966654402902265,580.6272303867212,cachorro
109,44.33561161483409,596.3486386253691,gato
110,53.77336800136674,480.3639791937831,cachorro
111,31.983726444621695,461.5108316823755,gato
112,51.09618685725665,384.32082915226255,cachorro
113,40.27583434936137,563.9109800137726,gato
114,49.43107693766975,479.4871895238036,cachorro
115,31.90932877786006,443.9101605886177,gato
116,44.5907461775354,482.35157970397194,cachorro
117,42.38826152206856,595.7539744122652,gato
118,42.141889069152676,369.33788325538063,cachorro
119,42.25765284881801,572.5657071162279,gato
120,55.25956333135118,521.1050007436368,cachorro
121,38.058463577892105,561.665762669613,gato
122,45.92059595599751,439.25134129137757,cachorro
123,47.11392852359331,695.9024291945113,gato
124,48.14780968649017,417.87105048028724,cachorro
125,38.4930115288477,424.10165394841704,gato
126,54.22753858694899,632.3906892129518,cachorro
127,43.01243084012391,544.6760495551721,gato
128,44.83609626928272,430.43768256520895,cachorro
129,42.82482366635557,621.099420112267,gato
130,56.66659838721608,674.2540067994846,cachorro
131,43.71397126764716,644.3861679818319,gato
132,37.734658400110334,333.7795900299513,cachorro
133,42.278319536460415,534.316738175168,gato
134,48.86087723429436,499.58541967490277,cachorro
135,45.08863833428085,613.3387184794507,gato
136,51.515379338255805,510.0624365368104,cachorro
137,44.15840235784019,647.8440717682081,gato
138,47.95072286038474,503.12359903483343,cachorro
139,42.3983068371058,569.9138653069012,gato
140,45.68163265993728,428.87981100824123,cachorro
141,39.143494226546274,562.7237493754407,gato
142,52.656409151599135,572.4156187237458,cachorro
143,41.08282167914981,514.6616234895805,gato
144,51.75390634311531,412.8053620971571,cachorro
145,45.77996611711075,691.224882327713,gato
146,45.44444704575273,431.20408339984067,cachorro
147,30.53226853974096,449.94604239186316,gato
148,48.26798940961082,496.1677190293487,cachorro
149,43.43002489653835,578.8438861977928,gato
150,56.26216006052406,618.5869982931184,cachorro
151,39.45649931139319,574.8615420476724,gato
152,43.78201856112167,363.3305760103876,cachorro
153,34.83869722200008,561.062595738618,gato
154,45.00536088738348,407.9728331046439,cachorro
155,40.23223771731448,551.041936836055,gato
156,54.10549878875659,609.2025213561186,cachorro
157,40.21414197926051,535.1212904196049,gato
158,46.30369400184555,423.21671378099836,cachorro
159,36.53197122382269,498.1759611412275,gato
160,50.9403356495909,556.1767133976367,cachorro
161,44.169818254167154,586.1398197366735,gato
162,53.99135140833512,489.319409421321,cachorro
163,49.13846801937231,682.0531861439374,gato
164,59.47089482281979,606.9930393623675,cachorro
165,35.088486823181896,567.6396251038109,gato
166,49.321427568680996,447.2303815603368,cachorro
167,30.627080561871594,392.46753588644003,gato
168,51.613687129736064,546.9368249091167,cachorro
169,38.73983062319156,607.0507118894504,gato
170,50.072534220684,538.3809116187412,cachorro
171,36.02053359827937,478.6980593651352,gato
172,44.47865738893953,472.29748426249216,cachorro
173,41.51333694909225,565.9768552884607,gato
174,51.65648429133179,519.5704437554581,cachorro
175,42.8062458327298,459.97496763997634,gato
176,53.49565689337285,572.1875361523271,cachorro
177,46.311925280939846,617.6542299719988,gato
178,46.31419924770461,408.0759432160632,cachorro
179,46.16008361934098,577.6963014006075,gato
180,54.59401611786729,563.2093572455896,cachorro
181,36.62526213125314,524.6728761416437,gato
182,56.86183082061535,585.8164124915277,cachorro
183,33.159318537946774,485.2497324756425,gato
184,48.738855676783736,501.40625812214944,cachorro
185,40.701044041779454,582.2245479948047,gato
186,47.199764360242504,478.65360825142824,cachorro
187,46.37164554427641,640.5268400557916,gato
188,51.48865269002333,533.604827165931,cachorro
189,46.685418267202074,666.9465701652769,gato
190,53.17453366493162,440.9453981799762,cachorro
191,34.689282776250806,474.30893292832326,gato
192,50.12241080139159,448.288113437818,cachorro
193,33.11411528566127,477.93464759870557,gato
194,45.433840980804504,407.93414623510284,cachorro
195,37.244923504680195,485.7693051277518,gato
196,50.9602078739794,552.0280499406823,cachorro
197,39.12173761956342,503.19514238541245,gato
198,53.04843659659552,490.5927581081379,cachorro
199,39.79741244377493,530.7290042559637,gato
200,47.01152188217027,557.4549851604426,cachorro
201,44.16189226871414,646.8942481566869,gato
202,56.75070726451698,581.0179480686908,cachorro
203,30.77942125805656,477.61715076555146,gato
204,53.932222572968136,456.6649112269643,cachorro
205,37.067478043875255,567.4584404206819,gato
206,53.267301102322904,583.731641312909,cachorro
207,36.675215364319264,543.2072140928874,gato
208,49.47991095871889,528.5393028299542,cachorro
209,33.77569425406947,481.6383292604105,gato
210,38.58345571406908,349.1695840339137,cachorro
211,38.3341111638465,525.7717184206126,gato
212,47.25344652143624,440.501647583226,cachorro
213,43.44343599951984,575.8023758191687,gato
214,42.77981130083209,444.63260376244807,cachorro
215,46.963067444333625,608.7632584724527,gato
216,43.68769283215141,488.58771211648417,cachorro
217,43.54704983578075,491.67004743385655,gato
218,49.53363325613488,469.8700707811037,cachorro
219,52.53547969959909,668.8330062826772,gato
220,43.261197837329604,457.7270791257958,cachorro
221,46.63429988099977,526.5768742269572,gato
222,49.632558704836555,475.00520639407256,cachorro
223,45.34853666712208,621.3912856844524,gato
224,45.84549453511585,469.2642384769032,cachorro
225,40.972670001887025,490.1308007177884,gato
226,43.74871470491513,477.38674351490977,cachorro
227,45.34430473257634,707.7648150826948,gato
228,50.15596658180393,530.7523055253711,cachorro
229,33.64032738246269,531.6576033243962,gato
230,43.79293183325477,399.3440561863973,cachorro
231,43.053943854228784,541.8753999202222,gato
232,64.3032543818005,595.210779841468,cachorro
233,32.88434593204573,466.85199435291906,gato
234,54.06022331749257,483.0898172280128,cachorro
235,45.99924562832337,659.0892956081693,gato
236,40.564769239961514,427.5209074838092,cachorro
237,41.19487824485223,568.0831115612052,gato
238,51.323133266959715,541.5555544304394,cachorro
239,38.44987748248422,551.9395055826358,gato
240,46.64304921568224,520.1792924186664,cachorro
241,44.23721599435697,634.4878208036604,gato
242,49.694554700664185,500.8306137437624,cachorro
243,38.29496484541658,492.7917880181747,gato
244,51.67830339551043,412.44804284794714,cachorro
245,48.554748053566954,658.3889931064289,gato
246,40.14944920228053,422.18092675397037,cachorro
247,48.145187477740095,692.4994645008891,gato
248,48.006791022725636,489.1314573510373,cachorro
249,31.049520911819386,475.47315250603975,gato
250,54.36830695121938,567.3000409913616,cachorro
251,41.52128811235101,567.5964202846696,gato
252,52.931361703183406,469.97841621367104,cachorro
253,31.326291539766615,434.42128521081287,gato
254,60.34468104117895,677.2670210850729,cachorro
255,41.189418837500035,481.55103076832427,gato
256,51.99299322227945,472.2147418026964,cachorro
257,58.144618834576,760.7052891707448,gato
258,44.70772756443724,394.8050657645701,cachorro
259,39.589013523343866,514.4636705723318,gato
260,46.97774943069567,426.89934842816217,cachorro
261,41.85510820049499,617.2757976062055,gato
262,45.84739317832562,466.2962733610556,cachorro
263,40.96140791751836,469.95239974579744,gato
264,49.115896249662846,485.0102036893515,cachorro
265,34.21446637782357,478.8303039725666,gato
266,51.700752388241604,476.71174477250463,cachorro
267,41.47337815077581,604.665454311905,gato
268,54.62937880269376,626.6771584624424,cachorro
269,47.356209446178006,633.9155730634754,gato
270,50.64082620770772,495.1476590469356,cachorro
271,48.9479931337022,770.0456137720599,gato
272,46.976848368245406,544.8643686421333,cachorro
273,46.51959783079425,624.46286498225,gato
274,53.61698898260581,546.8914979859884,cachorro
275,48.497014130655934,642.8984059456943,gato
276,45.53495213127981,467.420305706856,cachorro
277,34.37289536845287,518.5989801671222,gato
278,49.83842816453531,527.2232348776018,cachorro
279,48.032164775825414,648.517352887669,gato
280,48.10764103971576,450.5125542631513,cachorro
281,27.858143463020042,421.5485823643702,gato
282,41.59551811106181,427.76132729104364,cachorro
283,37.25834460302999,560.6937763232546,gato
284,51.389566311403975,435.67305567676163,cachorro
285,37.579934857120996,507.76500352581354,gato
286,55.37973090270659,575.866607039637,cachorro
287,40.19538750874072,514.553555751485,gato
288,49.1707815053315,436.8231731415198,cachorro
289,46.96927791006324,646.018145264916,gato
290,45.80284857567771,445.7574052688836,cachorro
291,45.57602429130671,731.715114541368,gato
292,43.10637332130382,395.595268286239,cachorro
293,48.84502696848114,659.2586268949767,gato
294,53.03211310663045,582.0675263816435,cachorro
295,37.10358485950012,543.8403361307033,gato
296,50.851403467908206,475.40726913447355,cachorro
297,50.16384641860411,618.5705381531063,gato
298,39.79372592020552,402.3244830822266,cachorro
299,30.350553755799154,432.615372399717,gato
300,36.253245307236114,369.7446817169059,cachorro
301,40.72319815875582,497.6000180267467,gato
302,57.70539496324604,573.7775116385656,cachorro
303,41.22919885972695,621.7848160809474,gato
304,52.461449754014986,571.3961969288491,cachorro
305,40.059824999188166,525.6457521485561,gato
306,46.80222587953278,483.6897299597975,cachorro
307,37.89250125173322,543.0911227318104,gato
308,47.240009211216226,386.65523536687294,cachorro
309,33.162319172513016,487.78210783894656,gato
310,50.27572741692192,411.5032649415011,cachorro
311,43.35471805010168,523.4706455542105,gato
312,49.426546039193624,414.5536992992111,cachorro
313,32.17660619410189,463.52623980802827,gato
314,52.97314342961267,608.152934225068,cachorro
315,36.97456564847708,484.5125452592659,gato
316,41.129336965137895,355.17289634948355,cachorro
317,42.88148096497129,515.1398206054815,gato
318,58.220318439254065,513.3630319000448,cachorro
319,36.3478186320591,577.2395500004586,gato
320,54.986521514089304,502.19505280399596,cachorro
321,43.77070772606393,575.4209101060796,gato
322,51.19687803404477,475.8206954911245,cachorro
323,36.18932827980386,537.2982176963853,gato
324,44.683628253074964,472.27819780219517,cachorro
325,42.456299512859005,582.7059827350924,gato
326,49.362133178724946,454.9375955440482,cachorro
327,39.663384190210635,607.2842758447334,gato
328,50.25808063278852,440.4421679549943,cachorro
329,42.91839281365734,542.858558986327,gato
330,55.494998775273686,504.52236803388416,cachorro
331,46.235833515139966,542.7516189133875,gato
332,46.55555014630951,364.80192599658085,cachorro
333,41.145134683032545,516.4618851644078,gato
334,53.73885550473886,574.3737687761633,cachorro
335,40.18610175618697,546.1841479943732,gato
336,45.79317883743837,431.2133081463522,cachorro
337,39.1706638271204,543.9211117052935,gato
338,56.373715260099736,602.2128591450183,cachorro
339,40.650489688091945,579.870538040239,gato
340,51.14831418042987,498.4489178163377,cachorro
341,38.2972162400034,464.7690130305324,gato
342,55.84054954138436,508.8113207605271,cachorro
343,46.062591711304414,626.9664668162322,gato
344,53.62384714470548,497.13470761950794,cachorro
345,32.96261166054878,467.6583579821995,gato
346,45.81460490906933,437.9828326371303,cachorro
347,36.32378775649697,491.0143939980763,gato
348,49.05521058667982,506.7495129902057,cachorro
349,39.93472186949021,679.294641165986,gato
350,48.772479490661176,531.247311442878,cachorro
351,43.3120708890469,580.7290509933728,gato
352,49.9150712815795,547.6720714379794,cachorro
353,36.03449096959828,518.5592771266458,gato
354,49.56193802918115,523.5803370820316,cachorro
355,38.14033990555753,523.4854752503669,gato
356,58.434437336664885,586.6049368589332,cachorro
357,41.4050483691345,524.996034549278,gato
358,52.17104083306762,500.9415251472596,cachorro
359,47.14534046286537,579.8933764988301,gato
360,49.23033790734652,478.469888473162,cachorro
361,41.22450247086344,537.2236230649545,gato
362,43.83754810872738,426.0546077619706,cachorro
363,44.88456877606327,612.7745637974997,gato
364,57.376940521147844,526.8674014853652,cachorro
365,36.112261526190764,603.9118635907312,gato
366,56.53806265229231,601.341974526795,cachorro
367,44.20472298990228,511.11524287715685,gato
368,45.04938995342508,391.59697341342223,cachorro
369,41.20239284759753,633.9834113627521,gato
370,47.2420195871029,416.475880015126,cachorro
371,40.20908643798,611.7991217640969,gato
372,55.621050122291855,576.3706166713803,cachorro
373,38.50282616578374,505.7794941978278,gato
374,48.627367625568056,476.58541836247315,cachorro
375,38.05758442648538,568.7087044118555,gato
376,52.929876186695346,471.4345739237465,cachorro
377,45.37096375149901,584.9939546967287,gato
378,55.14494061707048,505.80230537833194,cachorro
379,37.880544871759234,533.2691018139558,gato
380,54.11238556536639,455.64368783490414,cachorro
381,37.65328166349775,548.0653285848539,gato
382,49.31829318066514,537.6493246616863,cachorro
383,49.25736992530527,694.9099716470841,gato
384,47.12088870545628,482.69940740380343,cachorro
385,39.706163905074725,524.643985518311,gato
386,50.34098161664678,500.17306229210476,cachorro
387,34.24392091059796,476.36163641444904,gato
388,48.199688482798,508.3766983342722,cachorro
389,46.39872462806069,577.2546172641224,gato
390,48.984110379365724,462.04870885474503,cachorro
391,51.87916602512704,675.5921325156461,gato
392,50.6373722857144,522.1193909181684,cachorro
393,42.104446083737464,517.4071097664215,gato
394,56.34819298069794,571.2203160481088,cachorro
395,29.692698103421748,443.1987288527693,gato
396,47.58975376169404,461.29829155636503,cachorro
397,34.65836377030157,452.5424447037893,gato
398,54.22849746710875,532.819129627384,cachorro
399,39.61719006814995,540.3995344606311,gato
400,52.66576250622805,518.4899023376911,cachorro
401,35.35772187960246,446.54421875851017,gato
402,36.312946906173934,375.8778616255967,cachorro
403,35.58844392159262,531.3016818278481,gato
404,50.54555873437943,498.13732234930006,cachorro
405,47.31107132281376,553.7958169188624,gato
406,53.94890109653076,611.2327953831445,cachorro
407,40.4716759866272,580.7880609645747,gato
408,42.13670826402111,416.82707587827394,cachorro
409,37.657770264127876,550.030706893911,gato
410,51.053560962843655,576.3977833340005,cachorro
411,32.283266196466485,440.4135432298783,gato
412,50.322418135224524,497.68832948282613,cachorro
413,42.606631072783415,594.1109669015168,gato
414,48.86686212537061,568.3693782938107,cachorro
415,32.923874151456175,482.8252521956353,gato
416,52.60631402522281,483.606813723118,cachorro
417,44.461736723604,595.2845915379075,gato
418,45.16051470920916,412.1049028037379,cachorro
419,43.382404225502725,653.5177650040871,gato
420,52.85155511970412,534.0628054306218,cachorro
421,34.23464736295594,486.96514963060804,gato
422,54.272652986708295,516.2015252577555,cachorro
423,43.17198741171654,536.6535529948974,gato
424,46.028740722706885,567.9430107034182,cachorro
425,33.16462047073686,483.03753397705566,gato
426,47.26613637598919,567.4355071078775,cachorro
427,39.46774628361435,546.4661210573702,gato
428,54.252832764316736,563.2932234821131,cachorro
429,38.818494590541036,546.4658076692617,gato
430,53.71382274785848,481.43376290504995,cachorro
431,47.86894027692996,606.358066044018,gato
432,50.9258365585534,479.5882592304504,cachorro
433,44.461405605161126,603.3584575375196,gato
434,48.599346229401206,493.5685695796847,cachorro
435,44.78292388917887,581.2099515017076,gato
436,50.404097114289044,489.14194223798626,cachorro
437,43.64174690781098,554.5990190918644,gato
438,43.172829689471264,426.2494282878959,cachorro
439,37.784673315619806,507.5417752650375,gato
440,49.87564320718316,548.1771049483726,cachorro
441,40.84334767066326,557.9622662936897,gato
442,50.2726446880901,521.6802843204711,cachorro
443,44.86936125131407,538.2861046284754,gato
444,53.639538818380856,466.7705689328466,cachorro
445,45.34373411537412,612.2987113705066,gato
446,54.1328703208886,500.33029447703365,cachorro
447,39.71929610112726,568.1533832440296,gato
448,51.89578885561206,506.96450944401136,cachorro
449,38.20350355162917,557.5767774438797,gato
450,42.837825840605696,356.74094303428393,cachorro
451,40.17541524739996,447.5638807144375,gato
452,48.20041045753616,559.8907583218128,cachorro
453,40.617900083239604,543.1168394907581,gato
454,40.84052648368737,370.9528923583712,cachorro
455,44.52643116931647,601.3136891120519,gato
456,43.327722031672096,420.11244825343,cachorro
457,31.042348709697777,442.6627487161743,gato
458,44.68132646875647,491.8712243281419,cachorro
459,32.084114759747386,454.31667866852644,gato
460,41.32426973890385,471.89117670550587,cachorro
461,45.60440539351128,546.2306753318726,gato
462,56.36673400062205,521.7312999829375,cachorro
463,37.562022534430554,617.0906212004645,gato
464,47.24476806474159,507.4208849941198,cachorro
465,36.88951299758688,487.76881083056514,gato
466,55.17107074609242,550.4311920937128,cachorro
467,45.993309277977914,589.3243540644016,gato
468,50.95439829846658,571.9018814198438,cachorro
469,39.043738305420874,511.18394688812634,gato
470,45.42045113460401,428.91017635922015,cachorro
471,42.81518279926154,580.2504327475174,gato
472,44.343486582468955,490.6265229609524,cachorro
473,47.98204973711917,732.9559008375808,gato
474,48.44332114845257,501.98006463887316,cachorro
475,45.359147900100446,697.7069882680241,gato
476,54.14606132932736,475.5371540888741,cachorro
477,47.68726921349788,651.4841484415692,gato
478,53.620202653932466,541.8500840541316,cachorro
479,47.79271955280027,657.2582775460601,gato
480,51.639223982958555,479.9389777990693,cachorro
481,47.24950407902313,621.0050311164853,gato
482,51.93710768894945,491.5004379972267,cachorro
483,43.02429301091162,522.0599478144964,gato
484,57.49592749927755,620.9859175289453,cachorro
485,41.43231263304084,524.1091213151849,gato
486,49.80674488759676,517.6335823083768,cachorro
487,37.632840945521224,507.24300779065624,gato
488,50.559699751736716,560.4970049686426,cachorro
489,46.07571554002758,659.634863817234,gato
490,48.12799814218275,517.1556569447871,cachorro
491,36.13340697487817,527.1739286270937,gato
492,46.48780467942777,479.0100200472669,cachorro
493,41.20606599432035,474.4617008885591,gato
494,42.66947426149646,399.4416785464987,cachorro
495,42.51869560398188,542.7747609336898,gato
496,54.420463147314564,492.4773349234751,cachorro
497,36.81496526125471,483.0262185561862,gato
498,54.353661633012706,501.56712939141386,cachorro
499,40.029965004980816,520.2717989101016,gato
500,53.338912135998605,589.4256256219435,cachorro
501,42.26446804721646,551.6031175536373,gato
502,49.38051922839104,454.77230419668257,cachorro
503,47.965736787783555,685.9739331307176,gato
504,54.87332420481433,569.1419425422915,cachorro
505,36.65338626285859,469.18557569638386,gato
506,50.22895197176776,479.4130063043861,cachorro
507,43.90688208059552,616.597289678149,gato
508,55.85353071280353,459.47302706274854,cachorro
509,37.40828540058938,538.3778334152787,gato
510,46.017144409203254,427.99828552415136,cachorro
511,47.790721565325455,636.0328763446556,gato
512,56.66808879986106,530.1763672257351,cachorro
513,40.6948183058818,541.5003733297635,gato
514,40.99877718964345,346.2879976017308,cachorro
515,40.40003741193398,589.1905354343585,gato
516,49.99222481121693,567.415175833324,cachorro
517,35.557051735519394,562.8302045751564,gato
518,47.19730696251396,418.97909419688466,cachorro
519,41.24325827008433,534.3449378575677,gato
520,49.976119366870954,552.2201062976206,cachorro
521,36.77113678212609,542.1898585501935,gato
522,54.41009980321416,540.2141411095477,cachorro
523,46.49673127212959,543.2488648726096,gato
524,47.959395903019825,523.3359523345498,cachorro
525,48.628000790821396,646.8997061795294,gato
526,46.96690965954782,472.40808252159627,cachorro
527,45.46828700484599,576.2093711446958,gato
528,50.29203136911509,559.9865257936539,cachorro
529,42.77856949082322,605.6473723116858,gato
530,45.54394074060076,402.7014256981498,cachorro
531,47.44087982279309,671.9635370714092,gato
532,50.849542670038446,445.9403545333603,cachorro
533,35.67794603502745,475.8242436174734,gato
534,51.274932564719045,432.8243746112327,cachorro
535,42.32887343627482,523.5095280653787,gato
536,47.295531149750495,478.0932636501414,cachorro
537,37.609014703648484,478.6085456752228,gato
538,50.94797282422978,436.58060740367864,cachorro
539,39.275267881831255,543.1414101603386,gato
540,45.5725152385308,400.5558119932071,cachorro
541,43.43504197179398,608.1412468897267,gato
542,47.56911819708927,481.07271704842395,cachorro
543,42.95389045027055,578.9309598632801,gato
544,46.85494490234747,378.147171985796,cachorro
545,46.30011648163996,632.6844075193882,gato
546,37.19900495621903,408.84980034201556,cachorro
547,47.42258447465215,609.0611433766646,gato
548,49.99206331959063,399.482517293226,cachorro
549,42.898431425851754,591.945017978396,gato
550,43.07269646228082,358.23020201801506,cachorro
551,38.253735337340935,450.6703071383873,gato
552,52.04526867501737,556.3440189021381,cachorro
553,43.3284683065625,633.3534314512565,gato
554,53.21785921187782,522.5641649468248,cachorro
555,35.70845610678843,520.4180909766469,gato
556,45.95809086555896,448.42907813370175,cachorro
557,40.843460556082846,558.8820665059749,gato
558,56.11016677865339,562.3572804192448,cachorro
559,46.425454454547264,653.2445537652636,gato
560,45.50049256545195,480.6995809802505,cachorro
561,38.07234666595528,603.2523292682413,gato
562,44.42935748530528,518.1145862306308,cachorro
563,47.47685225776593,651.8737316339932,gato
564,54.52092588541459,659.0669572429415,cachorro
565,50.09018173450869,676.8220235589123,gato
566,50.53267986689046,454.673060959928,cachorro
567,48.20815337529527,661.7349360377709,gato
568,48.61748232462931,401.15832166998274,cachorro
569,36.989160677679735,457.99233843935485,gato
570,44.218081724701726,480.51118558093555,cachorro
571,44.411129596882695,573.0466385679085,gato
572,50.61555028678198,548.7340504222053,cachorro
573,50.5363970017082,666.2280323201347,gato
574,50.29831268368383,508.8501595389973,cachorro
575,40.56988123199481,601.2799979796622,gato
576,53.80366842871004,509.26902943230823,cachorro
577,48.63764929933774,552.1340950181743,gato
578,56.61928431406693,560.5351423204871,cachorro
579,37.49572500611951,485.34159753299025,gato
580,51.82992901323087,441.557690635045,cachorro
581,45.08619513849259,628.9393169445028,gato
582,53.16518853222062,487.3915555164681,cachorro
583,43.314999827621754,502.01063385607927,gato
584,51.13313108277664,429.7253535204471,cachorro
585,38.05550923741369,569.5285871066151,gato
586,52.77571597754203,479.5521239293086,cachorro
587,39.57532682225547,540.0516063796144,gato
588,44.56207379089797,465.7109669880779,cachorro
589,43.70297524935705,623.2357621798207,gato
590,61.63772889421049,691.3097341348521,cachorro
591,46.071679559975344,667.229660606388,gato
592,48.49782520510264,620.5005234457315,cachorro
593,44.955977684321695,557.0768046867088,gato
594,50.096834913516375,523.34613851802,cachorro
595,36.95540326532955,534.4250578388296,gato
596,52.5825632331535,642.5666989201554,cachorro
597,39.138867379091934,528.3393589808643,gato
598,45.662162344192105,465.61347035190204,cachorro
599,42.717365797389704,523.3530843546213,gato
600,56.118880424279006,568.6186924127089,cachorro
601,37.14187522165613,524.9770122019743,gato
602,46.420008645262705,478.2304588689109,cachorro
603,43.82421088144119,615.4549524873686,gato
604,51.769020365246284,516.9724033291441,cachorro
605,32.67244846200491,450.45007162225863,gato
606,53.66890670513804,491.8799398770546,cachorro
607,39.651552090769414,502.80959236312157,gato
608,47.37767466714629,462.5295630743344,cachorro
609,44.871948546442965,525.740185410405,gato
610,49.25402401876839,559.5684652336855,cachorro
611,43.54534221571725,659.1597697522038,gato
612,52.23473463154738,547.8829110900342,cachorro
613,36.67660771252068,523.0331258981847,gato
614,47.632377354263745,485.4219216854655,cachorro
615,40.16993423002675,528.8852441375448,gato
616,55.134760936069085,590.0887197949412,cachorro
617,44.4115196762704,536.2566069018526,gato
618,49.49693829635266,456.85912128232764,cachorro
619,36.56446188684475,553.0263006653171,gato
620,48.337970750175046,526.7188113138149,cachorro
621,41.292223075829675,545.7343295806219,gato
622,47.463082356641074,443.05839268235843,cachorro
623,40.18630072723884,624.8878306871395,gato
624,50.81078819007094,491.26293287272017,cachorro
625,44.95876055195244,622.6711830492329,gato
626,45.23722767801636,468.9563061374743,cachorro
627,38.03533345544572,501.36097967734895,gato
628,51.68027390956822,656.7086319004582,cachorro
629,50.17828876335535,649.4572491580058,gato
630,57.838103848916404,444.4704239426106,cachorro
631,42.43219638737506,521.0172616175814,gato
632,53.23091912519593,543.4611585374244,cachorro
633,36.1316118901531,488.26678782514404,gato
634,50.45830459264216,497.91198036074644,cachorro
635,39.23193126122358,549.8021427483778,gato
636,49.058196058324796,537.3799063823277,cachorro
637,40.19159812788319,484.7972458119273,gato
638,48.23984794931287,433.6434624139483,cachorro
639,32.7955699101343,470.5089433067473,gato
640,48.91369258098429,459.28677519445773,cachorro
641,46.9304254976869,553.7079501247083,gato
642,48.86424900375994,418.9152270283211,cachorro
643,37.94093437955428,523.0236935558187,gato
644,51.90594270771213,529.3250894187438,cachorro
645,44.4490516140574,602.4486883248524,gato
646,56.57049292040644,563.2049765286991,cachorro
647,50.5375566678462,655.8479212608813,gato
648,54.846547692353994,567.6572587109484,cachorro
649,37.386293357819795,511.0204336659122,gato
650,53.64698593565742,491.7112952930872,cachorro
651,33.010151130186635,434.1123541917484,gato
652,45.67537346473762,525.2874748896461,cachorro
653,41.16171716551907,510.74862917617673,gato
654,43.66685868407876,559.7628037657144,cachorro
655,35.98827069552732,521.5005199369508,gato
656,47.275842419416094,449.666454486592,cachorro
657,37.07867195298408,527.9584305977601,gato
658,47.409679840084124,465.3195175631062,cachorro
659,48.57230951405371,650.2229127370329,gato
660,50.03082961612761,508.4570823315632,cachorro
661,46.13270426719499,678.3859140969339,gato
662,61.30230989949543,543.6901780181861,cachorro
663,36.55436980702373,539.0817271723215,gato
664,40.591171778129,352.0649650730948,cachorro
665,40.6599513182723,479.931387376543,gato
666,55.20223775649251,590.8073283490205,cachorro
667,39.18309549770966,516.0786967060593,gato
668,48.52022036662816,498.04632116473647,cachorro
669,41.34185171804296,511.48240706169264,gato
670,56.12970266391681,625.7132521689481,cachorro
671,46.40041472975034,597.1921041358053,gato
672,55.56038460591353,512.292114961197,cachorro
673,37.55254939554323,558.5732266296403,gato
674,59.86955853812506,571.6950409061112,cachorro
675,34.902336207440385,518.058651092781,gato
676,45.08772498994554,526.3525499313702,cachorro
677,43.14967907957999,546.9297795996358,gato
678,42.78780075375383,511.870821044767,cachorro
679,39.230813182239224,538.2825695693721,gato
680,56.38639581202576,650.029240301477,cachorro
681,43.40856171187153,574.1011284440136,gato
682,51.09263311161314,493.68722893620054,cachorro
683,38.49854745290121,571.4765690471518,gato
684,54.24350748966842,504.50283547690844,cachorro
685,36.59800400867908,546.2677084145596,gato
686,55.348052845612436,578.1349762575113,cachorro
687,41.25864820129628,586.5788323987947,gato
688,59.89072625247955,643.7970456202455,cachorro
689,41.69503988325193,629.1905570894187,gato
690,45.93697068023084,486.50273238995806,cachorro
691,42.765443440921466,548.7411127673561,gato
692,44.80791394421438,462.5531449492084,cachorro
693,42.28599070833435,479.18462895596423,gato
694,48.82583221225052,497.66730808346335,cachorro
695,47.61742712141609,655.8256165871695,gato
696,49.73399785450294,486.5327386578601,cachorro
697,47.21326600778,612.5856472492692,gato
698,50.400627571415235,513.3622831502757,cachorro
699,38.7603935749859,553.328998068564,gato
700,52.41861435095606,509.38393740194465,cachorro
701,39.1125970011514,501.61813561723187,gato
702,55.12991801776051,522.8486649261706,cachorro
703,32.046148359031605,393.09578482689415,gato
704,45.87068860147595,500.16139441913174,cachorro
705,33.09617778292386,495.09521037910656,gato
706,50.042798804595506,522.360712456917,cachorro
707,41.93739674757092,512.3883642750261,gato
708,44.668395427730296,455.94764960040453,cachorro
709,43.72949031641352,558.3326400697698,gato
710,48.69839831918638,579.943756917167,cachorro
711,37.59296463710215,591.5859400800616,gato
712,54.14172595546492,557.6945712625491,cachorro
713,37.538725078514275,592.9150142695748,gato
714,34.848338849198605,387.952542162234,cachorro
715,41.66179325946363,502.74027364266243,gato
716,46.497429075768565,512.7446123960112,cachorro
717,35.89246893168598,494.08889395674043,gato
718,53.39055234638157,563.5849876474742,cachorro
719,36.857776740241306,517.07337050286,gato
720,46.24925436167533,448.29664733344504,cachorro
721,42.576378223868915,551.3606849910944,gato
722,47.80932945500083,401.72888186294824,cachorro
723,49.45131479407003,620.6633420256873,gato
724,46.632730229201165,462.4491303683022,cachorro
725,47.233040164234126,639.8105176641872,gato
726,53.79109466689271,472.398276827468,cachorro
727,31.161390759545753,429.61093877304523,gato
728,48.78196805086284,417.55873545821646,cachorro
729,46.04769242811337,566.900059111337,gato
730,50.6553886728407,503.7449721493185,cachorro
731,41.20484614440413,529.4546971392425,gato
732,60.445437232173596,587.307111895638,cachorro
733,44.71814582439278,519.6242443971183,gato
734,50.39716252779331,506.6159490930324,cachorro
735,40.1162297722208,556.5668607775159,gato
736,52.05939891321945,516.6943981785971,cachorro
737,39.01804283098951,567.4651778218868,gato
738,41.0080093518211,393.5637997242085,cachorro
739,45.73469149362995,626.9286933594155,gato
740,54.865851225894964,600.9955709308044,cachorro
741,38.41295604982191,529.5170960303644,gato
742,48.94134687464038,461.34442511619403,cachorro
743,45.74294429141553,673.6583406197167,gato
744,54.64748220206354,601.4427316217166,cachorro
745,40.60729568086205,536.9545419024844,gato
746,52.84464301675417,494.46832590442915,cachorro
747,36.65823898110341,500.02859460438134,gato
748,60.59820279031502,594.4964780843628,cachorro
749,38.077457937992726,555.9175836111052,gato
750,58.77099233271509,524.9998905227928,cachorro
751,45.78179646599909,516.455058619939,gato
752,53.72139997038098,534.7708019503372,cachorro
753,47.07513113542075,598.7463532807302,gato
754,45.31767492740943,447.8153246323074,cachorro
755,43.550972526231924,522.470850578695,gato
756,60.85845543350574,618.7577702122743,cachorro
757,37.293174650656724,523.1442760205548,gato
758,45.844451097451255,428.48214837050546,cachorro
759,38.14986013543655,562.062827745307,gato
760,53.147036904910024,521.4425992045476,cachorro
761,35.52946395502127,499.5726854410605,gato
762,55.83120867555163,583.4733963812199,cachorro
763,33.94841124886824,469.34797894597193,gato
764,46.71594857948827,449.3728542588983,cachorro
765,48.00180225585446,681.9224720626271,gato
766,52.49860498517423,490.1757961031356,cachorro
767,34.66676884360083,537.6805561563204,gato
768,41.55630895043974,423.78824211296376,cachorro
769,45.39808162287519,577.4871912403987,gato
770,53.83949537774272,526.8707800874719,cachorro
771,42.728217848572235,605.4744244427063,gato
772,54.84673705944371,599.8806819112108,cachorro
773,45.31422915444944,473.65784302584893,gato
774,41.24906880238556,438.82893267397804,cachorro
775,38.67703020119375,499.0205690581514,gato
776,48.164729833660545,527.1694245443601,cachorro
777,42.64491337511194,543.8813087721426,gato
778,50.36385204668791,537.3511629556921,cachorro
779,39.233388288398395,561.0750154797622,gato
780,49.909940790573124,507.8323118457932,cachorro
781,42.109301415807096,535.3448856266955,gato
782,48.0447473755156,514.207912169287,cachorro
783,44.52550408121979,618.8028864580319,gato
784,37.59634486824253,396.7775320392916,cachorro
785,38.69326194060871,572.7801165352282,gato
786,45.497338512876865,485.131850569078,cachorro
787,35.49124051735322,469.70925807048644,gato
788,48.15842143380711,526.5101864224567,cachorro
789,36.15719382580307,461.08942220735946,gato
790,49.71794095826595,508.3205005812216,cachorro
791,47.6792000429312,619.8061767238754,gato
792,45.19395207235385,446.07226303304094,cachorro
793,41.20198005885651,521.5304522638379,gato
794,54.68207367224821,539.2229098413361,cachorro
795,42.24480245335977,568.396168305787,gato
796,45.94237591273475,493.2325455841598,cachorro
797,38.041593312885404,530.4539251343779,gato
798,49.484159553433614,467.00006580252267,cachorro
799,47.734453624755346,707.3904227035766,gato
800,40.56102848255031,436.99930556451005,cachorro
801,34.43382613903591,551.4815087248064,gato
802,59.61605680883649,664.628768794216,cachorro
803,48.181257102471946,618.2290375812302,gato
804,54.1054519848148,672.2330123492991,cachorro
805,40.21203087676439,604.2386951698788,gato
806,37.73668832466037,394.4898189415039,cachorro
807,34.804874894640626,451.89007482403485,gato
808,46.686316414048235,486.42551175427894,cachorro
809,37.68458671462429,569.4426830667651,gato
810,50.71784699816504,422.6784692675617,cachorro
811,45.539581644877465,562.4225885425675,gato
812,45.020546834306785,434.5442290730032,cachorro
813,38.71019197017226,598.6986653753247,gato
814,56.32482455462491,602.2823152611622,cachorro
815,41.74839480468908,579.2839153048542,gato
816,41.906166688305156,415.16192295090804,cachorro
817,30.213586456714992,448.3336790279043,gato
818,53.64609470806681,460.8569305034785,cachorro
819,39.08533419893314,469.143108619709,gato
820,44.47618028639211,505.4669250635434,cachorro
821,57.09950888526335,752.342861335513,gato
822,52.34047609277697,570.8560788758856,cachorro
823,38.26010881321914,556.6934177984832,gato
824,59.94798965737206,676.2205031627028,cachorro
825,51.62935998469034,622.3287125428186,gato
826,47.67158410920252,458.0776745576038,cachorro
827,33.79625726759703,433.6640607581488,gato
828,48.97676182639924,507.47281154093236,cachorro
829,37.88324099218252,466.85160506128693,gato
830,44.280791003224536,469.97135445738274,cachorro
831,38.83930010808627,494.20490958362694,gato
832,52.89973352571859,501.55801993012795,cachorro
833,44.15280063861601,657.0153100955325,gato
834,59.974421891343255,505.38909338088206,cachorro
835,44.102831265913146,623.6168108745479,gato
836,50.774867931318845,571.2363063972914,cachorro
837,39.6751562083932,607.2175080130894,gato
838,41.680362340467916,426.99938008535486,cachorro
839,33.3819739000413,425.8478950597693,gato
840,45.567729263906735,516.0284600783142,cachorro
841,35.756092335902636,489.5901787022432,gato
842,49.23554495656848,540.2786148674344,cachorro
843,43.68064080919926,525.6280994479564,gato
844,46.36123030804238,404.8050908265524,cachorro
845,33.84393419966781,522.9202175611617,gato
846,49.138957142812004,392.31029562541244,cachorro
847,42.373302862703184,518.8029908444885,gato
848,49.95311342599648,479.6921863910705,cachorro
849,45.67671612254958,592.8575907301299,gato
850,50.78967823239101,522.2414581579806,cachorro
851,39.444562394436694,520.8377350767923,gato
852,49.701263523357014,452.79724243264985,cachorro
853,37.20452003343063,543.1741650680385,gato
854,52.09569700933651,335.0851361727898,cachorro
855,42.69505540478481,568.4494123335242,gato
856,54.84466814995809,597.5701972461316,cachorro
857,45.348418639026775,528.9598258554001,gato
858,44.469663128446996,372.9349628818236,cachorro
859,36.062673763452935,486.68193036151604,gato
860,59.27423032455523,606.4827222461408,cachorro
861,42.78111558685951,613.3133552502002,gato
862,46.358351507572614,445.0579358256764,cachorro
863,55.14244733537346,651.6526337669711,gato
864,57.331859531860296,638.8577443918444,cachorro
865,37.95759544284188,556.8184473049824,gato
866,43.15677718056664,498.51143839750904,cachorro
867,40.18270518887785,638.0195192991926,gato
868,49.180022509185996,458.4471837799823,cachorro
869,48.188285929469764,638.1241053676786,gato
870,47.399871912563896,458.3392429042616,cachorro
871,50.81893627691555,735.1458606932563,gato
872,41.890610684194854,441.9189444151331,cachorro
873,44.93066700528213,603.6736962049099,gato
874,45.709745739115164,474.992378492316,cachorro
875,32.09632780819344,420.49404914649153,gato
876,38.7243802988837,378.12041859351734,cachorro
877,32.643785679664184,459.28749812467413,gato
878,51.207681566491516,563.7293718539588,cachorro
879,39.16003363274654,536.4415060333865,gato
880,50.79724981674553,474.4975202416643,cachorro
881,43.7929489624244,582.0398204665615,gato
882,38.971978232727025,355.56877143709795,cachorro
883,36.11607159634127,491.3926923242668,gato
884,52.15256571265148,467.40381153734893,cachorro
885,32.21580043205546,453.9514146365747,gato
886,52.25832738661837,551.1704463284266,cachorro
887,48.056725423056236,638.7318116573524,gato
888,53.22344248191442,467.4396833572373,cachorro
889,33.1274457951336,474.06563385788195,gato
890,51.90363784482293,519.1070439400808,cachorro
891,40.87252298815587,589.2715577372992,gato
892,63.37385170596246,786.6484092598262,cachorro
893,36.958362519082286,469.833486165226,gato
894,50.11849242848214,491.46498662461255,cachorro
895,42.22328993538505,580.6343635302408,gato
896,58.7597618762429,541.8502735528178,cachorro
897,41.448959955193686,514.158766224295,gato
898,57.32145711017508,551.5369758510236,cachorro
899,46.616079381951316,633.7173086303798,gato
900,47.25309058728249,493.64123338486746,cachorro
901,46.5294074060221,609.5263331272611,gato
902,50.27395438134228,480.85522075472926,cachorro
903,40.91171364961019,570.2991723000554,gato
904,47.4221936302643,395.02175667435995,cachorro
905,34.03753642579866,543.7085370007113,gato
906,43.14879458208915,436.4145006455656,cachorro
907,41.682645062160866,582.623578698363,gato
908,58.57895490675711,487.10074826227935,cachorro
909,42.748675249750214,597.165877166603,gato
910,42.92667372292789,468.8495634102096,cachorro
911,28.916943876318392,442.6674276523504,gato
912,46.80402493176229,424.9728383386139,cachorro
913,49.29641702984341,655.976036286404,gato
914,38.856498752893,368.9652030428943,cachorro
915,42.45538538591417,602.4503884945816,gato
916,45.609787298648605,424.6340178445695,cachorro
917,41.26266170592344,535.3251996846736,gato
918,44.82548927875247,503.82726474418723,cachorro
919,45.00755304726373,557.7011625408941,gato
920,49.00663562428532,466.1038069841734,cachorro
921,39.86890481852436,549.0022578273148,gato
922,51.946084798990555,611.7045592847935,cachorro
923,38.361285746231914,545.1108624124327,gato
924,45.54519164216802,477.460427137394,cachorro
925,42.56583912286768,550.760146383675,gato
926,39.109237434617086,408.8230718973196,cachorro
927,35.03711411818208,499.8577016058661,gato
928,46.99847441805907,477.11878395169856,cachorro
929,47.413203808631536,670.0204493573253,gato
930,53.4611020199639,652.9807110499396,cachorro
931,46.243157821798675,581.772467779738,gato
932,48.959090108169086,577.830936062175,cachorro
933,51.618564266934094,623.154612781092,gato
934,43.15274454202258,422.6975648266786,cachorro
935,39.526797205420124,560.7511583306857,gato
936,50.87888547480532,522.6041223409776,cachorro
937,38.81722807356584,525.3555376128475,gato
938,53.029119593970385,475.81102571569403,cachorro
939,41.762090388213764,608.8229043200909,gato
940,44.039587216056496,470.931605328226,cachorro
941,40.0478412791032,529.931229038533,gato
942,42.50524589689333,428.12549163303567,cachorro
943,48.952054636484405,595.0318278780233,gato
944,56.80599261901422,569.7554619470747,cachorro
945,45.66564270489695,646.5694980263356,gato
946,53.504019608492996,527.6040094168766,cachorro
947,37.976673240851106,551.3984938074257,gato
948,47.785718868756874,489.1033895235423,cachorro
949,39.59388322207106,572.6171364572388,gato
950,51.556770006265694,524.3256056615573,cachorro
951,40.0278590785042,613.2262144048399,gato
952,59.42990533896165,601.0323302863189,cachorro
953,32.814032832334746,498.9688481509384,gato
954,52.378165437138186,603.7899839222113,cachorro
955,44.19735787047473,593.7774943823808,gato
956,55.4154366640884,527.338191670202,cachorro
957,37.1264803694473,513.6664472749815,gato
958,51.571242443763055,522.9481776317509,cachorro
959,49.087174977585605,645.1552758627226,gato
960,45.11694067890523,451.6684917149078,cachorro
961,38.43419079804723,655.3008128169287,gato
962,53.11963437040717,545.9739256166569,cachorro
963,35.17739050260292,534.9615765746848,gato
964,46.79547246626954,346.6981823106735,cachorro
965,36.795787121358934,502.99161052839816,gato
966,48.19429856546178,437.9398045102079,cachorro
967,32.74658423849836,497.11263321330284,gato
968,54.038549501143386,480.93191071925315,cachorro
969,46.04059486742559,657.1869042265809,gato
970,52.83225138176222,437.2380323329333,cachorro
971,35.38414103821831,520.0609161333241,gato
972,49.89558355347127,500.04430226254914,cachorro
973,35.88941039974954,513.6524270885973,gato
974,49.72081598670851,574.5194720019675,cachorro
975,42.63020014327759,636.4771529668601,gato
976,55.83540312282958,579.7002613962449,cachorro
977,36.849537295191816,605.2965956319775,gato
978,46.95866285974105,513.1930327244768,cachorro
979,48.17141506785354,700.4289558797577,gato
980,44.78094993963071,486.69056467622414,cachorro
981,41.98172422312718,528.3179907012942,gato
982,59.59342901008178,604.0827481549019,cachorro
983,45.005739030419655,728.7408304894213,gato
984,51.11612880023747,532.1198083906542,cachorro
985,39.71548451419143,535.3568174341601,gato
986,39.91540418640314,399.68509369598183,cachorro
987,44.32539936574974,590.4105049369598,gato
988,59.059718025364255,488.0159270872056,cachorro
989,35.815188928229446,518.621691665891,gato
990,51.78032452530727,555.279599486251,cachorro
991,37.02041144970604,496.67489426389716,gato
992,54.76404727455743,532.3303687867284,cachorro
993,43.112367499332066,611.2444483637246,gato
994,52.31558011667816,518.5775350689482,cachorro
995,41.347873753210344,624.2348922999988,gato
996,51.51719564687198,480.76115670655673,cachorro
997,43.9980495698188,629.4736514249425,gato
998,47.63278526112727,519.5449565456776,cachorro
999,38.68481179266249,584.2451500501692,gato
1000,47.3921312516908,481.95539345235807,cachorro
1001,36.75066098522853,553.9054390113465,gato
1002,44.58006860896762,463.92936211679165,cachorro
1003,34.76817839241132,428.5598647994904,gato
1004,49.619662926425676,455.19502539310554,cachorro
1005,35.53616706508333,474.61913407258294,gato
1006,54.898207595782445,620.5951714619481,cachorro
1007,48.90735504833092,575.0404587297011,gato
1008,49.65561036778295,420.2990570701522,cachorro
1009,38.55774024954334,522.2106004035401,gato
1010,49.23775686126673,480.6434700216485,cachorro
1011,42.266413235501915,585.2814307248755,gato
1012,48.893994082558144,519.4679621168103,cachorro
1013,43.997025841785764,540.3462791186364,gato
1014,50.410779191552145,555.24716132169,cachorro
1015,46.31562705061219,532.039614403164,gato
1016,50.39268249411079,449.24841353583804,cachorro
1017,35.68453349060069,575.1008750346057,gato
1018,57.941481087653386,550.7398339321313,cachorro
1019,33.295843114430376,496.97191272397856,gato
1020,48.294726405085974,508.21717847196925,cachorro
1021,43.239468466185464,625.731609656498,gato
1022,56.449721105915515,558.6705336574923,cachorro
1023,43.872447331748674,508.7484757454335,gato
1024,61.67449259648336,601.392052954934,cachorro
1025,43.48331752323718,615.1928714770422,gato
1026,54.60247941529626,602.9117999491643,cachorro
1027,45.73014632425418,585.6366620984503,gato
1028,53.99592555625958,538.3506294821133,cachorro
1029,38.640428919817,502.83662268463706,gato
1030,39.50753004160651,379.2655976074101,cachorro
1031,41.16074669963453,545.9993056167352,gato
1032,52.02570364374479,408.56204811468797,cachorro
1033,40.42658356005821,488.9106268304579,gato
1034,56.154903089051246,528.6593416607617,cachorro
1035,42.49709644484896,559.5111406537558,gato
1036,52.6948987079841,546.4606245878795,cachorro
1037,45.168155509915294,683.9163282117977,gato
1038,50.74429197063708,490.17940288317084,cachorro
1039,48.309888040687156,604.209425236598,gato
1040,45.585510937683075,534.2899308026316,cachorro
1041,37.702280924152234,517.0991847787354,gato
1042,46.81991249450813,515.0582174052437,cachorro
1043,36.4044214505702,566.8694411612,gato
1044,47.32840847902966,445.0088973860642,cachorro
1045,45.00041507411559,598.9090215782882,gato
1046,46.047280248434376,500.8316259591449,cachorro
1047,45.73098942005373,540.7032256140676,gato
1048,48.13241553763167,424.47536273378535,cachorro
1049,38.7070047832295,559.1353212125915,gato
1050,48.03408333615102,537.8424093681646,cachorro
1051,49.244254405400646,663.2626233705915,gato
1052,51.39094942976047,476.3871001354521,cachorro
1053,28.6030385095454,455.8388531494906,gato
1054,52.31430955918506,570.6011758935238,cachorro
1055,36.71109509319455,553.8260686798737,gato
1056,53.48110233728311,524.8781898508063,cachorro
1057,29.657612614637003,445.33657184495496,gato
1058,46.42751865431234,433.4095046234112,cachorro
1059,43.064327876867594,606.1924370689585,gato
1060,45.21762283187459,397.0907622694158,cachorro
1061,33.36078801363242,459.24030953160616,gato
1062,57.86426980492242,591.8724571129663,cachorro
1063,46.76089183206739,587.8839132499195,gato
1064,49.324941694006434,496.6922974568724,cachorro
1065,41.81119385738665,605.0089514667422,gato
1066,55.510208259302566,652.3462924622831,cachorro
1067,44.06484527622583,580.1131352973093,gato
1068,51.08650286813096,498.82704233351666,cachorro
1069,41.81317666338894,489.96996806026783,gato
1070,42.70454160916741,465.7922596157776,cachorro
1071,38.45511521135485,572.6452028907967,gato
1072,43.16894491137652,497.4620967249308,cachorro
1073,35.68408393119287,452.46620841925363,gato
1074,54.966025803630785,548.8975566649266,cachorro
1075,34.69984446312705,466.48637422747765,gato
1076,49.86924063820348,466.6287321233409,cachorro
1077,45.600378902840184,641.4646771904142,gato
1078,42.45913040171081,431.1079226162092,cachorro
1079,42.01859164729241,640.2126353458845,gato
1080,49.16384999220461,497.49766705099927,cachorro
1081,36.77836535727637,511.70680797969754,gato
1082,56.75839153859348,611.3300054559664,cachorro
1083,43.62005999033967,574.8354061329393,gato
1084,48.24076494284344,484.68829896231875,cachorro
1085,39.562383314994406,547.859195398273,gato
1086,46.72284219576825,470.0434216939288,cachorro
1087,40.39304442945476,579.9412188292464,gato
1088,54.67406659563624,506.40207901065673,cachorro
1089,35.17103665687074,506.99917921005203,gato
1090,52.82895575471512,505.7118645650977,cachorro
1091,41.94231016541378,595.1777916704075,gato
1092,53.33695374458396,474.0037299798488,cachorro
1093,41.7360382481571,577.8527853865298,gato
1094,56.700313938405635,605.7188883627771,cachorro
1095,43.1313580980237,551.9986696982032,gato
1096,49.318361637110236,573.9097283169615,cachorro
1097,32.541002053979064,460.40616767576597,gato
1098,45.5204183786234,525.968567140242,cachorro
1099,42.798623642139546,626.8765401261196,gato
1100,55.6069150160915,518.5732541988799,cachorro
1101,36.375834803890804,539.7358105539042,gato
1102,53.37795877976188,518.0539382733907,cachorro
1103,48.272719404510994,629.758760969929,gato
1104,52.460266911160595,554.0497083051171,cachorro
1105,40.636080852497635,579.1751507291169,gato
1106,52.11149141872059,532.9072947515513,cachorro
1107,37.257069141069074,543.0102530101808,gato
1108,48.470010542844435,493.9249311381352,cachorro
1109,40.674162954503394,511.1305373539493,gato
1110,55.1998407479941,556.589565442114,cachorro
1111,38.313106371197094,522.4684808765805,gato
1112,51.38482262747185,507.7658497913827,cachorro
1113,41.107939245236565,590.751260085503,gato
1114,48.94504699900739,488.93521582316015,cachorro
1115,43.55498416267265,605.265310354893,gato
1116,51.752719978363345,582.5284200035142,cachorro
1117,43.88609857605601,570.9000296368619,gato
1118,41.33842013308844,407.972493839782,cachorro
1119,38.90086624295414,500.3344346639527,gato
1120,49.590162020341594,534.5938147131449,cachorro
1121,46.42403699895646,584.6227764140649,gato
1122,51.826507066168496,599.9094065355123,cachorro
1123,39.889554969065635,562.4610204974764,gato
1124,53.71515663412641,590.7308881840654,cachorro
1125,45.12227702155691,677.074713015014,gato
1126,46.90869601801521,507.59035489940607,cachorro
1127,45.917765589644006,761.1188861633239,gato
1128,47.59507640808596,543.882410694542,cachorro
1129,44.7832242113275,558.9289392635251,gato
1130,48.03184350851046,487.317695692591,cachorro
1131,32.66970686755326,487.4491088676617,gato
1132,52.156933662752095,548.8280444936265,cachorro
1133,48.25852936592446,593.1596611245288,gato
1134,50.60058582524491,569.7930967691126,cachorro
1135,45.76418164496811,479.84526413813916,gato
1136,42.43778410188828,364.6068420455221,cachorro
1137,41.26825674001877,501.9967179544234,gato
1138,45.1799708591903,405.27813432005274,cachorro
1139,40.74821789441916,595.9046193986277,gato
1140,53.83063485114646,582.2584728288364,cachorro
1141,45.39535665157106,595.4031226359047,gato
1142,49.07079245520846,469.2098548623732,cachorro
1143,38.55528602591199,511.88425330126313,gato
1144,43.109045232255525,460.922352704763,cachorro
1145,37.361686773005616,518.0208025462307,gato
1146,52.13306777477354,563.9896609089518,cachorro
1147,45.63013467990782,650.0935071924495,gato
1148,57.04560417518625,652.2213137920544,cachorro
1149,42.28391612794957,578.2834950121635,gato
1150,56.26359653294914,536.7998273164554,cachorro
1151,50.05748917003215,581.708094522921,gato
1152,47.11071098501803,502.62183490320626,cachorro
1153,37.88161962593131,584.3419487445873,gato
1154,53.80173829269986,543.6050590519492,cachorro
1155,32.42704922871724,501.6353030186881,gato
1156,46.729550979967286,469.7133348113277,cachorro
1157,34.79650903281214,467.34147105558793,gato
1158,62.29981311710805,658.5968690351567,cachorro
1159,42.83726859708806,486.1318338055623,gato
1160,54.99516355620125,593.4613014545873,cachorro
1161,35.58691722551065,530.9899037811319,gato
1162,46.25977374216005,518.4946537968952,cachorro
1163,40.70265715119986,553.9459004019545,gato
1164,42.7424411735099,354.350062974228,cachorro
1165,45.93550207554399,591.3690843577056,gato
1166,52.80252118078801,486.95985915589625,cachorro
1167,37.35547005487959,475.22034458396314,gato
1168,53.635710116720254,429.757115481332,cachorro
1169,43.52339470250313,583.4540322017502,gato
1170,52.55600877701674,428.9379023575286,cachorro
1171,41.61490281261581,519.1094672730408,gato
1172,55.483039033611334,567.1991646067389,cachorro
1173,35.21833809532527,509.1302749704879,gato
1174,46.51184740209895,445.3283213125632,cachorro
1175,43.77983854665118,594.745908199289,gato
1176,56.21250038579736,558.5155081989286,cachorro
1177,47.09815717934696,579.5943333061493,gato
1178,49.82251134207961,504.8084301366082,cachorro
1179,53.508660138011116,662.6778603724314,gato
1180,44.070549754248326,469.4474054574008,cachorro
1181,37.30502055825478,471.54732581042106,gato
1182,40.825897300884364,382.6383256293243,cachorro
1183,44.35097566420797,599.0484968008968,gato
1184,47.147260127166575,473.33876518476535,cachorro
1185,37.00900813950972,531.0624414512592,gato
1186,48.15932463442583,537.5032220752345,cachorro
1187,43.46342920165968,555.0068077304818,gato
1188,46.52065060308494,482.7989837044086,cachorro
1189,44.38117869775766,663.364308999473,gato
1190,53.23681474488051,509.83291644905734,cachorro
1191,40.173490637539444,569.0854568685897,gato
1192,42.46253600493452,401.86187084733535,cachorro
1193,41.706725295815176,618.344882289593,gato
1194,54.16888428198432,556.2537698206903,cachorro
1195,53.71326045841317,727.8007768740124,gato
1196,54.91371827106961,475.3261419248281,cachorro
1197,39.17681943117932,514.3459246363755,gato
1198,53.6960916263317,602.6305276062434,cachorro
1199,35.69080362417451,554.2621405543102,gato
1200,46.75002362415945,442.548512961307,cachorro
1201,40.47089412669344,576.5866097124069,gato
1202,57.22032084441438,532.3682089579886,cachorro
1203,44.183548522363864,622.9827855780413,gato
1204,38.73801657479662,381.92108506294977,cachorro
1205,50.14762095908641,674.7776536808258,gato
1206,50.11153928509355,406.7975417696635,cachorro
1207,38.61375111353061,491.2605950026506,gato
1208,51.13338050220988,524.186520991723,cachorro
1209,37.81092789236849,507.1416417015765,gato
1210,48.171784322766186,453.5625093355614,cachorro
1211,36.05920988340863,525.5314914864463,gato
1212,53.36192326149273,555.3315913489358,cachorro
1213,40.719292260613464,625.9281244067256,gato
1214,50.42085999017494,440.7278595495076,cachorro
1215,50.61128379506101,653.4327649522372,gato
1216,46.57987963860104,484.3310903648214,cachorro
1217,43.80176336013118,644.8447557301909,gato
1218,53.35602898349758,575.7095109099264,cachorro
1219,41.5238919854601,605.5162895336068,gato
1220,46.39818632523476,429.63879153255095,cachorro
1221,39.505784757989815,520.6144838528954,gato
1222,46.280176998181716,501.20517739792297,cachorro
1223,40.915185576508044,511.37430667624386,gato
1224,43.599831033425005,440.92944066147464,cachorro
1225,40.62873056963337,527.5717406913288,gato
1226,51.916957991101086,570.5535988242007,cachorro
1227,38.68251184480825,512.927462075942,gato
1228,46.25350664909572,602.4422667330764,cachorro
1229,43.061596548960225,525.5469198895773,gato
1230,53.828693088021055,611.0155345537748,cachorro
1231,42.17018019888869,609.3670127170108,gato
1232,51.31845708113904,490.54957224507,cachorro
1233,45.75952327818749,537.8019893373712,gato
1234,42.771223185143526,361.21160206313385,cachorro
1235,31.250717341677685,489.3141340234409,gato
1236,45.27711772528354,374.7237052953189,cachorro
1237,36.486805990975796,508.4721421042215,gato
1238,52.84966611393944,517.3435300920219,cachorro
1239,41.900093074010904,590.761514415402,gato
1240,45.890308047160694,412.34560916177855,cachorro
1241,50.135935826355635,550.3206762010377,gato
1242,55.50877375780442,614.5878321271452,cachorro
1243,37.06522834020443,510.5900450908032,gato
1244,43.6639327962032,447.8409607467964,cachorro
1245,35.0308580392523,499.15327229226676,gato
1246,49.72704026066881,564.1666751342754,cachorro
1247,40.14685384286955,568.4163627785608,gato
1248,49.75739515717165,546.9986635820391,cachorro
1249,47.159375896969415,643.4309176950854,gato
1250,48.65455417944241,474.7324031402227,cachorro
1251,46.158407572726446,671.1429385250146,gato
1252,45.84167161167306,513.4790457986312,cachorro
1253,44.255926403824425,564.0428072169475,gato
1254,56.425200050992814,720.964629625782,cachorro
1255,40.15668693549655,562.5826223913404,gato
1256,55.93875898014371,651.2495621526464,cachorro
1257,40.77455399436135,591.4087874188781,gato
1258,46.986214929774654,450.88383459060606,cachorro
1259,37.94009849369846,577.561954908198,gato
1260,52.97302871159806,546.6842566754589,cachorro
1261,39.91023913658619,542.638778325774,gato
1262,46.87589341309948,513.2698662660891,cachorro
1263,35.857577092408626,519.538152856285,gato
1264,44.20871786498895,400.92199510571936,cachorro
1265,37.71985394836277,451.2881115671792,gato
1266,55.236907745327514,695.3890278106455,cachorro
1267,39.22335559451056,467.55752361964124,gato
1268,52.10843828898993,552.1643038896069,cachorro
1269,42.9748660430586,621.1941946962164,gato
1270,53.32477256868921,459.8236966861978,cachorro
1271,37.89598190528091,533.0605228343243,gato
1272,48.919849568402284,471.69359925716475,cachorro
1273,39.5693966250871,559.0431844042555,gato
1274,52.64247289624118,526.2681087667845,cachorro
1275,35.6449052030513,489.03829940746346,gato
1276,56.14300830707289,492.2923616365613,cachorro
1277,39.83984777990894,539.277831698238,gato
1278,54.45579750550724,628.3018998576762,cachorro
1279,44.76027934154069,619.9943924968127,gato
1280,46.85452678376235,504.4205033033373,cachorro
1281,34.21538776543748,506.1659627079247,gato
1282,51.43499186261253,516.3044418782171,cachorro
1283,32.61016626041044,454.19944003317636,gato
1284,45.98014437460405,441.88933094669187,cachorro
1285,36.0954070808513,532.6481821472742,gato
1286,52.506609299838885,527.1323784321522,cachorro
1287,39.361830475405334,561.2310151758907,gato
1288,44.991321080803516,443.8066202900995,cachorro
1289,48.443299443628185,596.2242259628831,gato
1290,37.61965364604479,282.1123656481959,cachorro
1291,35.29323839259279,500.8296577252346,gato
1292,50.68794291415036,491.0419899694898,cachorro
1293,39.67166219884242,575.6527068469252,gato
1294,48.73242908152894,510.0146982164068,cachorro
1295,43.26543481054371,542.0951895036537,gato
1296,48.17585116394433,542.460976604414,cachorro
1297,43.24274048873279,513.4529939539352,gato
1298,40.110906453688166,394.32689390620106,cachorro
1299,48.471712300287,622.6759156776938,gato
1300,48.702717399623516,496.2811099021069,cachorro
1301,40.39939662744453,486.48785365105834,gato
1302,51.13336847993293,417.82856031767625,cachorro
1303,33.953890070448054,500.6789234061289,gato
1304,48.548263227506666,456.53208893588885,cachorro
1305,40.631128245299195,538.8703068980296,gato
1306,56.75246019033284,540.4677714935214,cachorro
1307,43.61731448004611,584.592492574743,gato
1308,51.44460870104142,497.2860844328555,cachorro
1309,34.67451194378696,459.47517098611803,gato
1310,39.86260965333564,418.1902737137435,cachorro
1311,44.15503591092613,638.9632940898657,gato
1312,46.08723993524086,465.94937336225814,cachorro
1313,45.10208004652438,674.1423540438766,gato
1314,50.00632520261024,433.1440853916513,cachorro
1315,38.89145942265562,553.1662107242903,gato
1316,48.7136333390806,474.65281008407055,cachorro
1317,39.81168885924716,506.9842298049434,gato
1318,47.57461521426776,470.4558379526605,cachorro
1319,39.18685353216756,550.7913710233566,gato
1320,48.78663565415183,511.12101903602553,cachorro
1321,39.16252222425492,516.3479476134632,gato
1322,52.35748809823255,504.01812524320064,cachorro
1323,46.20966194475948,622.3516845455575,gato
1324,51.47999635555463,435.18909733287336,cachorro
1325,40.196040724113786,550.3608546003125,gato
1326,52.11990379635895,566.5596827220276,cachorro
1327,45.97394660267406,640.294464669179,gato
1328,45.88508224794206,415.84157477642367,cachorro
1329,43.18807646380881,574.2696214695375,gato
1330,56.16142442678915,583.7462710828485,cachorro
1331,39.88793770524045,568.3316563035676,gato
1332,46.30778525904149,439.9338270677635,cachorro
1333,40.90387138664514,510.4829727169292,gato
1334,44.885564308869974,419.513646035223,cachorro
1335,40.05077292670374,545.3551541916343,gato
1336,51.12513736766421,452.4679017365382,cachorro
1337,37.79214822332288,549.551679821945,gato
1338,54.61613496956536,636.0635946716175,cachorro
1339,38.04313243157191,521.3562133305091,gato
1340,50.80100952967043,505.46389995392957,cachorro
1341,39.18895954364131,509.2960242982536,gato
1342,47.9529995678383,513.4245386117559,cachorro
1343,44.60317199705585,554.2528421199194,gato
1344,52.79817349459373,599.3262289000767,cachorro
1345,43.415296956608415,592.0955234221176,gato
1346,56.70538075769461,504.1597713426553,cachorro
1347,50.020003094002014,598.1337268507741,gato
1348,59.386376126590676,711.2110440806053,cachorro
1349,43.18572953206771,602.8202691509146,gato
1350,55.669417551675274,644.9662267813004,cachorro
1351,39.712378771351766,560.7752735895199,gato
1352,49.29116449759456,388.8042841897382,cachorro
1353,30.970824177349968,480.73945371729127,gato
1354,51.17944407458687,533.1507940458276,cachorro
1355,39.78998078948669,614.4338469852287,gato
1356,44.48932015219272,413.0750827882407,cachorro
1357,33.03898696619858,464.8158508791924,gato
1358,55.1863157573485,650.6840687142077,cachorro
1359,45.19889345109849,594.6529412355806,gato
1360,55.05069594452916,549.4819656490528,cachorro
1361,40.49801508197833,534.7020962844931,gato
1362,45.62972644907853,493.3916913368526,cachorro
1363,46.092930173295926,540.0253840424448,gato
1364,51.54183246425298,437.679618701465,cachorro
1365,49.07349319738594,658.8937589565819,gato
1366,52.10414905562936,658.915326898761,cachorro
1367,45.331042676211624,573.2284069541693,gato
1368,43.107469256651335,370.44980339337206,cachorro
1369,39.77369777298449,601.8413101609742,gato
1370,43.553695003673006,449.73131977194,cachorro
1371,44.88303864826208,595.1083486185545,gato
1372,47.540459235653174,514.1800269527116,cachorro
1373,38.334799805827075,477.7704344320444,gato
1374,52.284225731884625,538.4183786436249,cachorro
1375,42.312919252792256,599.3202291575735,gato
1376,44.257298761009984,372.60303912946586,cachorro
1377,45.36022693868397,601.1453925636561,gato
1378,50.080213447555835,493.19410169095715,cachorro
1379,38.02448521423344,588.7735353344304,gato
1380,48.057764857320514,358.29178131879024,cachorro
1381,49.570277725404104,626.8676326357702,gato
1382,52.20706985957227,490.77093561327666,cachorro
1383,32.23294135076518,415.34013456696226,gato
1384,49.30926956288888,364.0316226215201,cachorro
1385,42.04253693375967,618.8739481458006,gato
1386,45.38231439480262,472.94291767400546,cachorro
1387,40.2754783267761,517.86967750019,gato
1388,52.95209566164281,650.2140784168888,cachorro
1389,43.01873225149937,607.5976204844272,gato
1390,54.45690841987942,581.6234761659501,cachorro
1391,41.50095358727047,533.6749362334969,gato
1392,51.051844202978714,584.0056689021251,cachorro
1393,45.93061848818657,586.6594777687079,gato
1394,53.050557289390255,613.8877427934331,cachorro
1395,36.87946730967972,510.8917505580164,gato
1396,52.173273391773925,495.2886151392606,cachorro
1397,33.70387342077791,498.93776285272736,gato
1398,46.82883834485698,435.22718644700126,cachorro
1399,33.5425526512771,514.0547932964871,gato
1400,54.37193495159062,472.80115651650203,cachorro
1401,40.88326714651658,556.6622463640031,gato
1402,48.11018090895881,547.2630227092561,cachorro
1403,35.63573116028535,458.27098818998326,gato
1404,49.050377052163924,518.5291000051626,cachorro
1405,39.32192284392541,487.1007625464862,gato
1406,45.92712728600378,370.99625987973434,cachorro
1407,40.38953363252511,512.6750137878886,gato
1408,61.690047308338094,573.8005465758064,cachorro
1409,28.84184496021748,457.497394981661,gato
1410,54.384008154300375,527.5425520116597,cachorro
1411,44.652645720209264,536.5142346938403,gato
1412,49.26180329109532,566.6911495879476,cachorro
1413,48.218092342298235,663.7856759593824,gato
1414,46.97453636480556,474.5381064424109,cachorro
1415,46.45943095541017,676.4207738914731,gato
1416,51.74657799909055,503.8155560833516,cachorro
1417,37.32708272167234,558.076742789502,gato
1418,48.0224275212017,536.6901669856295,cachorro
1419,33.62635937046582,542.3454463765744,gato
1420,44.58162278748182,409.4595264487793,cachorro
1421,47.47431588322187,610.8731040749998,gato
1422,45.00161089322515,499.90635669220205,cachorro
1423,39.035834620281264,574.4049901636797,gato
1424,42.91230434331419,435.6374912125654,cachorro
1425,39.97970082783883,502.22687267874215,gato
1426,45.97431439879758,466.32919754776884,cachorro
1427,37.229701089667465,526.7216710135087,gato
1428,46.06996289871314,589.4633014378608,cachorro
1429,41.36812762096552,542.8805708058635,gato
1430,47.56766161405948,444.14321437322207,cachorro
1431,40.36421391882159,554.152590225924,gato
1432,45.8408222969311,441.06567142730063,cachorro
1433,39.21502132783371,617.0735100869306,gato
1434,51.66294221716337,443.1716580583291,cachorro
1435,40.21278544466432,518.1765294661485,gato
1436,49.65988767676687,525.9367628596734,cachorro
1437,34.635301628724896,483.28805061747687,gato
1438,45.71638984372904,497.93068560525217,cachorro
1439,45.047335852399186,566.0567486854404,gato
1440,46.962238886570844,448.48182114627105,cachorro
1441,50.81630375143011,639.5318172994057,gato
1442,59.85197831026537,581.0653105741244,cachorro
1443,41.63685133190417,523.4027041964255,gato
1444,46.819024826875776,534.840100487596,cachorro
1445,40.12209936663609,566.6853621574874,gato
1446,52.66500766247397,604.8748942685336,cachorro
1447,39.439132005025925,483.08887937154725,gato
1448,48.120373977864524,492.0546189357513,cachorro
1449,40.71688781341552,567.4119562643989,gato
1450,43.88030124385471,461.4099107650239,cachorro
1451,41.234707865598644,532.9016459890556,gato
1452,55.6821486413654,485.0884106217815,cachorro
1453,36.10428445789367,491.9872743142798,gato
1454,50.04660983650503,457.2757811443145,cachorro
1455,35.569134633708444,477.87875355354976,gato
1456,45.04733657215576,427.1666419829876,cachorro
1457,37.164394188059816,526.4885847618488,gato
1458,51.12259963821043,575.1836280217915,cachorro
1459,41.12226867233298,640.6436237687053,gato
1460,45.019967140190644,429.3317943343864,cachorro
1461,40.961677779057055,567.090264564159,gato
1462,47.84115671743011,567.2916643431196,cachorro
1463,30.354968360946323,433.71705570023096,gato
1464,52.130285876074886,466.681855182924,cachorro
1465,53.516141748569325,638.4657433521634,gato
1466,53.48734824288617,562.3116557983307,cachorro
1467,43.898846043174736,619.6878421424635,gato
1468,48.257071846859084,438.8384105177428,cachorro
1469,41.67302356691691,578.3753543773083,gato
1470,48.99945470868875,392.2396899990272,cachorro
1471,36.90242747970366,559.0758184671204,gato
1472,49.40717254109906,508.6086157855994,cachorro
1473,39.20371207073098,467.2460389063005,gato
1474,42.749872865806005,363.42089477887015,cachorro
1475,29.87503569684278,457.9491093116648,gato
1476,46.73700017786574,373.7393080426984,cachorro
1477,43.523432991142386,476.14491439927053,gato
1478,60.17874969872318,627.7807069102756,cachorro
1479,39.390913780388914,577.5712817294999,gato
1480,50.851464070002834,492.00242256399434,cachorro
1481,36.27638380980609,523.769470459054,gato
1482,44.89249268252025,418.22074981413385,cachorro
1483,46.43222044380423,576.2015264681459,gato
1484,56.14576572042538,545.6964856953819,cachorro
1485,37.26684454189073,513.1687166445549,gato
1486,47.26977266747198,456.34975373287085,cachorro
1487,41.01051095647811,565.6968418073675,gato
1488,55.58470140508912,646.6122415810755,cachorro
1489,41.63220039674171,474.0462649436067,gato
1490,49.59547323325733,427.9287711152904,cachorro
1491,31.474352156747237,501.2970295249949,gato
1492,45.27070841361022,459.5925695410355,cachorro
1493,39.00640116791904,562.5925379864354,gato
1494,43.208205963795805,415.49510803338404,cachorro
1495,48.280683542616956,597.9581089502637,gato
1496,51.61929433944217,532.3090622274196,cachorro
1497,46.09603143185091,646.5023518068963,gato
1498,45.72281325346466,451.0606379966112,cachorro
1499,46.88655012786279,681.6196247579702,gato
1500,47.01830911683225,459.1258261074052,cachorro
1501,44.718030976555134,639.8052747865432,gato
1502,43.931796075983335,509.0534966854903,cachorro
1503,42.63293073182381,592.7282938034473,gato
1504,37.53914979823108,359.021260017741,cachorro
1505,45.51737323155835,642.7311986491945,gato
1506,44.95957444200336,441.72456313289604,cachorro
1507,28.539145641344106,416.5147737392457,gato
1508,51.09701401873197,598.7326159151164,cachorro
1509,33.9162095728686,451.666413393109,gato
1510,51.32998251888878,516.5479567909506,cachorro
1511,47.65693579728497,565.7326071871605,gato
1512,51.222883709963355,566.8129562197967,cachorro
1513,42.32268618267378,510.87212600758085,gato
1514,44.336232179907974,470.5474203447619,cachorro
1515,37.15154550901149,573.3759050491185,gato
1516,54.392697088503176,509.05772756661855,cachorro
1517,40.01135483168709,544.8127854760567,gato
1518,45.98501959529624,455.37140590857877,cachorro
1519,34.61687408245703,472.6515238187895,gato
1520,63.9141924380611,576.8422185683138,cachorro
1521,35.76967184809389,502.545523919141,gato
1522,60.5294308051939,561.500990590262,cachorro
1523,37.944127143124966,531.8571048380037,gato
1524,51.46577347056354,602.8591206574202,cachorro
1525,47.81416126342291,667.2552135381143,gato
1526,49.78321124327255,463.49171424019875,cachorro
1527,45.56872574010309,621.0958134342516,gato
1528,50.21646792077254,494.95669499393375,cachorro
1529,44.82640352201698,571.0098231167585,gato
1530,45.82792508840398,398.1077678195068,cachorro
1531,41.591220690803276,558.6947591771722,gato
1532,55.19952940943099,583.8977818711627,cachorro
1533,36.32365748293609,524.7830573529293,gato
1534,50.15942925408809,534.9030694139575,cachorro
1535,44.72173702592844,582.9998781607478,gato
1536,51.12514065618247,532.4532345170642,cachorro
1537,37.10857245211248,537.4355483239128,gato
1538,48.86445201670479,431.00714364642414,cachorro
1539,40.50277481367129,518.2352513869081,gato
1540,49.075528164602275,628.6537797074521,cachorro
1541,48.728891537254796,722.2856916369713,gato
1542,52.705200258111915,490.2995210618103,cachorro
1543,39.83141549546687,529.626249114132,gato
1544,40.37162692293752,413.48411681682614,cachorro
1545,35.933271808274625,513.2403199946359,gato
1546,45.60929527581653,428.2274886615636,cachorro
1547,47.649422604043444,638.905917311683,gato
1548,46.67695408472521,494.4313814368995,cachorro
1549,38.33544604035823,593.501497011675,gato
1550,46.948112728506544,510.59200620061745,cachorro
1551,42.342853459255764,506.72195870122283,gato
1552,52.96226261628556,545.3198049673979,cachorro
1553,37.50181483800153,563.3041531661632,gato
1554,54.48340621018547,626.8653230395619,cachorro
1555,46.977176248891915,575.0164682292234,gato
1556,57.016370029857676,450.2804532352737,cachorro
1557,35.86913915005122,523.5504608171037,gato
1558,51.874988087110744,557.7431892173183,cachorro
1559,41.098859356996165,561.7362914152213,gato
1560,47.52883461131655,508.14469354643427,cachorro
1561,43.31703566005744,582.4172173312315,gato
1562,42.264942578683765,450.8136807748625,cachorro
1563,35.58257189604909,466.5906521813544,gato
1564,55.34349825221039,639.696418435097,cachorro
1565,36.287143074541675,489.56413637549224,gato
1566,53.089051380443586,558.1043234326579,cachorro
1567,40.776910515866824,532.7666953062353,gato
1568,54.957426880142066,527.6242144932262,cachorro
1569,42.19646134466903,644.8474365483303,gato
1570,46.255901561309976,464.7420057545766,cachorro
1571,43.857147499433694,525.3350433139105,gato
1572,51.60800866306279,433.2347389305448,cachorro
1573,39.32253826008807,522.9938106640348,gato
1574,52.59186138186084,674.3273414803775,cachorro
1575,45.53141253546852,598.0201468365267,gato
1576,51.40817777429539,507.50201141038707,cachorro
1577,51.43230944524405,709.5558646040106,gato
1578,44.91897129611944,476.66002544950567,cachorro
1579,33.16756761213252,494.54958542458814,gato
1580,44.16978852815984,454.007799093097,cachorro
1581,31.053127820524807,441.91932395424146,gato
1582,59.73058090236543,573.1108614236477,cachorro
1583,38.87728147061566,595.7098927550184,gato
1584,55.57517745434085,502.7920400315417,cachorro
1585,42.82478337362442,619.6919250580091,gato
1586,52.0703801949864,543.1007463846538,cachorro
1587,41.535922903878536,585.981046817433,gato
1588,56.45910941165534,558.0581308209036,cachorro
1589,44.72952518394076,624.2845801693508,gato
1590,52.62937353651143,501.7287354964474,cachorro
1591,47.33612032470004,700.2669272507064,gato
1592,55.6674491345231,610.5548140294843,cachorro
1593,37.395225085444245,526.5926633843351,gato
1594,59.44137704555344,567.9004648469119,cachorro
1595,40.151258133977734,590.4920243092212,gato
1596,41.281989212269615,419.1249354079476,cachorro
1597,52.2182503572398,619.9941972184058,gato
1598,42.07754946439907,510.90407514745806,cachorro
1599,37.33782936926295,491.3976829530089,gato
1600,42.68249115873472,426.6819775527971,cachorro
1601,37.87854946148219,504.88738744813094,gato
1602,49.74178258451551,513.5366293543013,cachorro
1603,39.257225554570425,513.5342042760574,gato
1604,51.79092861480583,443.9147627345992,cachorro
1605,32.12835391111035,427.52391092774684,gato
1606,61.04369677383323,643.4838410821952,cachorro
1607,35.464505348712585,581.0923223586474,gato
1608,54.37724965348269,557.1334894079223,cachorro
1609,34.282391153420406,519.1630163638224,gato
1610,47.045147408467436,446.85590575019813,cachorro
1611,38.45463970720379,549.8593012804452,gato
1612,53.48185827321041,537.7990807658643,cachorro
1613,38.304858691767116,604.6406978089337,gato
1614,48.990443755348835,537.3119901680673,cachorro
1615,45.18022718877482,532.1859728099554,gato
1616,50.87728069960061,508.3403619588619,cachorro
1617,46.591088720662334,568.139200045416,gato
1618,50.50507896911298,403.25350581189406,cachorro
1619,47.07734267719172,657.1623879976297,gato
1620,54.015730761230756,512.9936781275784,cachorro
1621,34.732884704734225,562.3433079398444,gato
1622,44.49768928879085,483.14549275468755,cachorro
1623,41.466308264129395,536.3395421109085,gato
1624,41.9059550159429,432.1045051222796,cachorro
1625,42.4012034824662,546.8541360262433,gato
1626,51.69842149543441,591.240527778776,cachorro
1627,42.61192810471641,529.3571883371797,gato
1628,48.742910108493284,434.50120442052634,cachorro
1629,39.20097157972487,516.9790433498224,gato
1630,49.74156734688371,566.8893728994811,cachorro
1631,47.234398706511705,650.5059588399372,gato
1632,49.05808690643461,527.271785384077,cachorro
1633,39.02776124506669,541.1098658530219,gato
1634,43.97389498862323,428.9190418391398,cachorro
1635,35.45488502460688,519.0970438415832,gato
1636,47.264992950846334,443.6983091614603,cachorro
1637,39.68104550359821,517.5951085534559,gato
1638,43.59342880079585,458.40098363216873,cachorro
1639,50.27143256960657,645.6531878302708,gato
1640,49.72080529240237,517.5095404396362,cachorro
1641,39.75889460825669,504.40664230951234,gato
1642,46.993135771803544,446.08783303581004,cachorro
1643,38.14351395169858,469.2365451018922,gato
1644,53.48427716630936,485.73584362654526,cachorro
1645,42.43417840865439,571.9645224627275,gato
1646,45.415880009304,417.01091255950996,cachorro
1647,44.063816025742085,573.2263918947532,gato
1648,48.280099880183364,537.476930152679,cachorro
1649,48.3839237990588,614.8675802406967,gato
1650,45.01156424580551,503.3018735810093,cachorro
1651,37.93508004065902,475.0428173947836,gato
1652,53.42377386090317,569.1016949472206,cachorro
1653,51.76776925267137,633.5938199457679,gato
1654,52.362975178141824,559.2140515693769,cachorro
1655,43.5585413208733,649.2952588245898,gato
1656,46.50747296120978,403.96654978517296,cachorro
1657,41.06034121885193,594.5711633726464,gato
1658,55.13694313216326,544.6816276308182,cachorro
1659,32.33862727025785,513.8376800050027,gato
1660,48.785317832140926,518.9431634599123,cachorro
1661,39.9821789991773,533.0562465177725,gato
1662,54.639102356953686,544.0066056810882,cachorro
1663,32.49596729548948,472.4943146820657,gato
1664,46.3922621878685,454.13881758462907,cachorro
1665,46.36888866906523,592.2018351909721,gato
1666,50.047796990667,493.4795837169831,cachorro
1667,38.793462505271485,521.0517813657032,gato
1668,55.6279855388718,556.7066285001893,cachorro
1669,35.77457377801915,524.1761623805949,gato
1670,53.824388996732615,545.2279039324479,cachorro
1671,42.64638022319212,647.0776278146874,gato
1672,43.700702148145076,481.1234362035327,cachorro
1673,43.13133021245824,560.7081885443199,gato
1674,57.824921855318394,644.028118498391,cachorro
1675,34.67127172411068,447.380179488807,gato
1676,52.38531781005649,462.64659926623835,cachorro
1677,25.447014099417032,357.54110053184144,gato
1678,46.91069767306923,468.11818369880535,cachorro
1679,43.66648830360444,551.6014364024629,gato
1680,48.86663633168877,463.7212125217868,cachorro
1681,44.375691441544696,571.0101144057684,gato
1682,49.24598532636247,484.71377249888417,cachorro
1683,41.45389337093591,561.5431896340456,gato
1684,48.32270400290222,643.6129241078695,cachorro
1685,40.37764637110185,512.2888347688548,gato
1686,32.25351720424663,298.2447978600411,cachorro
1687,37.09009313783732,537.9584699123277,gato
1688,45.821176492995434,439.49050841877437,cachorro
1689,39.64364235159003,520.2555266920033,gato
1690,46.35459513254108,496.9235670480017,cachorro
1691,41.79421687471926,504.9037323007091,gato
1692,52.36024041503192,508.7342114078532,cachorro
1693,38.411360697067074,504.3577097690875,gato
1694,61.17756542247205,554.5853221584033,cachorro
1695,41.50233432119771,516.3093476066445,gato
1696,49.831080399063644,563.6549854932504,cachorro
1697,39.410881207800465,550.5943257552602,gato
1698,52.1435934496252,565.2899862307827,cachorro
1699,36.45693883738291,505.5737044043471,gato
1700,57.66007952563547,582.6258133486797,cachorro
1701,34.28821491134554,497.5042281530477,gato
1702,57.11387051303839,582.8070109283082,cachorro
1703,39.17684761198255,533.4041181492992,gato
1704,51.69027086750177,416.09936583789727,cachorro
1705,42.57857196933188,538.8343660315452,gato
1706,48.847134529312015,423.8849893321163,cachorro
1707,41.66556708638544,589.4545700855303,gato
1708,52.64440111393464,613.8206110977752,cachorro
1709,32.47925573058308,502.74472534127557,gato
1710,41.945468475332746,455.19881838160904,cachorro
1711,48.53976155385801,637.570956380926,gato
1712,56.07496158065884,500.626445712091,cachorro
1713,49.27566877793152,740.3470809641199,gato
1714,54.33759238211649,544.1675223112836,cachorro
1715,43.5246190132318,564.6799511062079,gato
1716,50.76962746649746,507.4720236521527,cachorro
1717,40.28750788168089,593.3911859508876,gato
1718,51.292991800249204,507.1979827122986,cachorro
1719,36.88505453043122,508.8271883062375,gato
1720,44.9259910971912,474.08731490766,cachorro
1721,40.1669058007228,575.4379440032836,gato
1722,44.12795953540133,437.3882098487683,cachorro
1723,46.513588104889344,680.4827596969993,gato
1724,53.30138088666613,580.084120865673,cachorro
1725,42.48863739789462,587.3142963278526,gato
1726,52.390627296936756,555.5412221627078,cachorro
1727,33.45697603603037,500.2939079949234,gato
1728,46.92231548290197,397.1670096531571,cachorro
1729,48.279710756334254,555.7295078017746,gato
1730,58.66499912518165,625.3996867986424,cachorro
1731,40.52085194731581,571.640956629202,gato
1732,49.53996616167216,461.1983742959717,cachorro
1733,37.57242895490953,491.65338575325256,gato
1734,50.06883724149893,547.8553993642784,cachorro
1735,41.426593979428304,547.4056757055494,gato
1736,52.90152235502449,541.2833174724464,cachorro
1737,43.97687800423405,610.4164711977264,gato
1738,52.856053172076926,504.59946865628905,cachorro
1739,40.92201755852517,618.9083139723691,gato
1740,55.617348573138024,627.5600867006173,cachorro
1741,44.269424610202705,519.0227184812011,gato
1742,56.10388183085672,627.5485220570528,cachorro
1743,43.73787122933975,573.838222855992,gato
1744,50.072900139409604,387.72240992925776,cachorro
1745,44.4125093161032,539.2096905760241,gato
1746,53.507479103149436,501.71173179536663,cachorro
1747,45.95975225257292,664.0493110703081,gato
1748,39.39624028607429,396.79540142202615,cachorro
1749,47.09779722286153,587.4793731168834,gato
1750,42.74356930148568,394.61388061413317,cachorro
1751,39.84556185367706,512.5642045816014,gato
1752,45.83151549193782,440.29778984823037,cachorro
1753,37.91470731923568,598.2669717584921,gato
1754,47.103179572153074,499.96524711365737,cachorro
1755,48.26787870418205,707.4580343084568,gato
1756,42.678906377648865,452.4844352184666,cachorro
1757,42.20962730752558,581.5383777049356,gato
1758,52.03167794642805,541.275851130754,cachorro
1759,41.48736653251097,551.6973932161009,gato
1760,49.37545798076811,500.8196573373815,cachorro
1761,48.53897378762969,585.129451850506,gato
1762,44.88751170041289,340.42291372598703,cachorro
1763,45.748827944993174,576.9110691074239,gato
1764,44.63502105564943,479.430904427877,cachorro
1765,36.95976784528278,480.2908503550297,gato
1766,55.835591986070156,591.0057796075134,cachorro
1767,36.828608104172744,530.5307814255807,gato
1768,54.57162035224444,550.7976809138023,cachorro
1769,39.984443251321316,589.4929879005507,gato
1770,48.00593892847728,450.38143700831324,cachorro
1771,42.102336016644074,588.5952956833146,gato
1772,49.87251325911844,478.830635045773,cachorro
1773,41.180813739225286,529.4785281539922,gato
1774,46.29815540670224,430.32711854806416,cachorro
1775,36.61992671875539,519.5148769855584,gato
1776,47.829769568184446,450.91626305161725,cachorro
1777,39.09352987359242,519.7770865185638,gato
1778,41.69447827842419,387.5762209168525,cachorro
1779,37.467252895481074,516.4341668633458,gato
1780,49.75943753321004,448.1834988338634,cachorro
1781,38.74567390021738,467.41215534382707,gato
1782,58.97720906537763,548.5339115040422,cachorro
1783,41.550268537345445,552.8184575318728,gato
1784,53.201688961828616,545.8400937012442,cachorro
1785,34.12859678409789,551.934971127681,gato
1786,60.38177269497872,607.9012781786197,cachorro
1787,44.066263733566686,597.6152743387076,gato
1788,57.86707745827317,555.5154557470521,cachorro
1789,27.94933915719441,394.3566787759486,gato
1790,56.16001283447509,513.9550670079923,cachorro
1791,37.28884550707574,539.420540214454,gato
1792,54.63977112361442,569.0231368132534,cachorro
1793,50.687929896403205,738.4430642237742,gato
1794,46.469055529253794,469.4043552602942,cachorro
1795,37.56496725799854,557.0798917347872,gato
1796,52.016243173531166,531.8825552899708,cachorro
1797,40.21538724233119,526.9829264664479,gato
1798,47.39517126744961,519.6468239958473,cachorro
1799,42.73211276304702,612.2494462447116,gato
1800,43.59295656363442,331.14717146432093,cachorro
1801,40.50021940460106,490.6415528607282,gato
1802,47.20700702306141,358.7000882012123,cachorro
1803,50.4074301015458,676.1313719748009,gato
1804,44.820385957317626,464.43034397569346,cachorro
1805,35.658030560881066,407.26038062641686,gato
1806,56.25305848080297,537.2563750531299,cachorro
1807,38.84472424220412,606.3225158892437,gato
1808,53.911133774514234,531.5095643705804,cachorro
1809,32.25617574552298,490.2877923258772,gato
1810,53.40055337574426,460.1052635388808,cachorro
1811,35.42875675553658,505.46428509850057,gato
1812,53.69444959614438,423.6213770015222,cachorro
1813,38.417643113218475,564.4832317393456,gato
1814,49.77102629146848,469.2820590277236,cachorro
1815,45.11456468179049,579.8928215599166,gato
1816,49.15466666501009,470.85489660011365,cachorro
1817,53.93380998535122,715.2638620904374,gato
1818,49.67031038822366,549.3041764027649,cachorro
1819,45.69054881753202,591.1993013417446,gato
1820,52.657502638478526,560.3796921222314,cachorro
1821,36.826737704720976,518.8665794660958,gato
1822,39.79315915713461,281.4523914843322,cachorro
1823,40.41497223980923,574.6013079239376,gato
1824,53.21063133419931,511.105797656983,cachorro
1825,42.54815206338335,566.6058356541697,gato
1826,49.091103490804,523.8385330250451,cachorro
1827,33.46152699410935,470.36180276846017,gato
1828,51.85020835782262,560.4215221300916,cachorro
1829,44.76026301756221,513.4933285402938,gato
1830,48.61058353802101,412.3981377452034,cachorro
1831,45.23395288484473,594.4542822235567,gato
1832,52.4129255544884,559.0943955391982,cachorro
1833,35.02424628907055,455.18673125820044,gato
1834,45.352179972503095,467.59864808256657,cachorro
1835,35.055678536961516,485.6297601366533,gato
1836,44.419835871741085,424.9188688949734,cachorro
1837,34.734327478139605,517.6518654491836,gato
1838,48.83649038341031,533.2764507039979,cachorro
1839,43.352356438221534,503.82378716346886,gato
1840,48.350552416641655,512.923055564622,cachorro
1841,36.39627359756237,510.4719019861978,gato
1842,49.28621039985841,516.2825476937192,cachorro
1843,36.12767161941327,519.2979295621085,gato
1844,46.03606409385664,522.7952742230458,cachorro
1845,40.44168451707759,591.0824555869008,gato
1846,49.29919504013939,469.9957227089507,cachorro
1847,39.80574075652503,558.6240085525608,gato
1848,44.06985722811752,455.71880177106334,cachorro
1849,44.620528135638004,572.8066847769709,gato
1850,50.04842407989631,558.130609648686,cachorro
1851,39.52153833137324,584.2367410081931,gato
1852,44.644153798533964,554.8028048684836,cachorro
1853,40.98711664691955,569.5022205634564,gato
1854,48.37054660813297,487.4637458280101,cachorro
1855,40.64700857842137,533.5954643567188,gato
1856,56.40594264682095,519.9710306868067,cachorro
1857,36.254378543345865,476.45110160409575,gato
1858,48.36778875925359,461.8415895091828,cachorro
1859,38.323178542177025,552.8025327008602,gato
1860,55.85540725425571,558.2592283879835,cachorro
1861,37.84017660678599,516.6591001753922,gato
1862,56.78130287659305,582.8407226702165,cachorro
1863,42.16527241481473,578.6758461691966,gato
1864,46.570051046766146,503.65462333224866,cachorro
1865,29.859009240617965,461.4046963820989,gato
1866,41.618491739920465,359.0423802689354,cachorro
1867,40.4784041261449,556.5139866910754,gato
1868,55.647173736505096,661.1251155792376,cachorro
1869,38.579755735352464,487.67341393740753,gato
1870,52.846944112820864,530.5197547720271,cachorro
1871,43.81432695949133,506.9677884325028,gato
1872,44.98525927834346,499.40352020205376,cachorro
1873,41.40534037015638,551.8682680548674,gato
1874,47.75873669841443,500.61827994306435,cachorro
1875,43.889181412665955,603.0294061355428,gato
1876,42.45110027979611,447.4144061304224,cachorro
1877,31.190552109413602,459.4665003600351,gato
1878,49.59545956119368,506.42080398148454,cachorro
1879,35.93167563162423,456.4214465100165,gato
1880,50.175401349414855,493.47202946728817,cachorro
1881,43.31948447088954,574.0934192219663,gato
1882,52.32637311922469,478.8243368559169,cachorro
1883,37.34557949122136,545.8471620038264,gato
1884,56.84428487331086,629.5747081742243,cachorro
1885,33.94951980275789,486.0144757034166,gato
1886,50.66179903547277,477.31944262474946,cachorro
1887,36.99445939538238,496.55953833807683,gato
1888,53.416419257098816,547.2189246296691,cachorro
1889,51.228721326759484,712.5272929896615,gato
1890,49.58200006714328,512.9079731032878,cachorro
1891,41.0633262632094,622.9522265464711,gato
1892,48.43248112469038,497.58310491099195,cachorro
1893,37.293656760869496,515.3938720645749,gato
1894,50.490896584842915,519.2679759543329,cachorro
1895,34.26216911795585,527.0309024057321,gato
1896,47.32127549234134,456.3329434100656,cachorro
1897,40.441062410699715,505.4888835198002,gato
1898,42.77866438326431,406.3059856359724,cachorro
1899,43.16501791097179,647.2059727667681,gato
1900,53.594806481104484,625.4836446022848,cachorro
1901,41.885914680871466,579.3873337776031,gato
1902,52.49076626434651,518.4861891035077,cachorro
1903,51.61268500624681,712.7413865759994,gato
1904,44.48743998400298,419.8510850786274,cachorro
1905,50.969031828301524,693.6080308453211,gato
1906,48.24234034663309,523.647862476161,cachorro
1907,48.509184376391005,694.8980156782403,gato
1908,46.68965976052443,467.7041588336276,cachorro
1909,36.30271089711126,439.0749932758191,gato
1910,49.53745279398061,552.5187932252301,cachorro
1911,38.51887186853008,530.8439092670675,gato
1912,56.31818385831233,643.6908474834786,cachorro
1913,38.658598739587305,454.65421288945925,gato
1914,52.96304849011163,404.21380420582864,cachorro
1915,45.304767332345214,636.9918439295266,gato
1916,52.65573397138703,564.9625976907713,cachorro
1917,38.155640342013726,490.7326647354676,gato
1918,45.319258722284005,413.75775397458403,cachorro
1919,39.00774925167852,518.927172970054,gato
1920,50.28613842418416,536.1533083373068,cachorro
1921,41.51595507851892,635.1171448321716,gato
1922,47.518332661214096,562.342286500494,cachorro
1923,43.04234708235308,617.6210382640276,gato
1924,53.185532002074815,521.638717117714,cachorro
1925,47.87866060357594,648.6048748083288,gato
1926,51.669521037328344,582.0553550184683,cachorro
1927,41.635199714957146,612.1857507566035,gato
1928,52.722605937011814,474.72519643311637,cachorro
1929,35.69846070014075,516.7639338517713,gato
1930,44.60753565684495,499.76791282896505,cachorro
1931,44.15865984691549,589.0573985890408,gato
1932,54.456011825631556,598.2233727220213,cachorro
1933,37.78732353318993,493.5120805800586,gato
1934,51.70862979365201,572.4524058624759,cachorro
1935,40.19238557260609,551.0319753537995,gato
1936,45.17275122553391,490.2625897782687,cachorro
1937,47.711541257021665,681.6884052379822,gato
1938,51.311474096026835,429.7011348659511,cachorro
1939,39.77829222174011,535.534948711683,gato
1940,50.76378039489466,512.7380312243603,cachorro
1941,39.25539384872963,594.0298384564597,gato
1942,56.00800997153073,623.5073106584391,cachorro
1943,41.79367756830029,532.4135389780156,gato
1944,47.679946994648105,474.64213103988396,cachorro
1945,44.68139860005786,543.1959673481717,gato
1946,44.99260890324055,529.9636897160373,cachorro
1947,36.102362436702236,559.4084832178387,gato
1948,50.23719514670232,475.0022197759159,cachorro
1949,41.32288050176743,489.13292478953196,gato
1950,40.68098671022472,451.711641182247,cachorro
1951,44.459055446762434,616.9211947252043,gato
1952,49.55521894407704,476.55841693848663,cachorro
1953,31.256003937476017,397.2869565793277,gato
1954,47.674963196762725,432.5156672357064,cachorro
1955,52.34641329784556,758.5059948743146,gato
1956,42.78572327400726,419.6328042352041,cachorro
1957,48.30427696005533,659.719955111013,gato
1958,44.38781742457966,450.30249520190375,cachorro
1959,41.096871350435755,542.9136030803595,gato
1960,46.90577956408481,399.91421082174634,cachorro
1961,41.682005021656735,558.3146196049555,gato
1962,45.293692747392164,451.275586063282,cachorro
1963,37.14582334511366,551.7396083426544,gato
1964,52.942369454111386,475.02864444309455,cachorro
1965,37.9969289926864,473.9723258454672,gato
1966,40.913676986216366,434.54157322654265,cachorro
1967,36.884242145350264,549.4207604293737,gato
1968,53.41618794487629,538.7524034632427,cachorro
1969,36.283528481690475,534.8488984543496,gato
1970,55.17268667731942,596.0273569796171,cachorro
1971,37.685543250706104,560.0911777418936,gato
1972,49.721388800548546,481.42851386145014,cachorro
1973,40.50913553636778,623.8221291723959,gato
1974,45.31217771445493,502.5732473151089,cachorro
1975,50.018989350906,670.3780308741431,gato
1976,53.019106819436516,545.0923781329765,cachorro
1977,41.40935432641873,508.9156961955176,gato
1978,55.868448852992145,518.79884744659,cachorro
1979,35.91934587835846,544.8907805530237,gato
1980,46.55318125252398,356.3120340863928,cachorro
1981,51.92714938373074,654.1989290538766,gato
1982,54.315856114972355,634.4674564946935,cachorro
1983,30.03682664823365,469.6323936334775,gato
1984,58.03096273719265,711.9938357098216,cachorro
1985,33.70240626281003,532.8359090983105,gato
1986,55.450559429765406,528.0879055703276,cachorro
1987,33.29199064938197,470.3889086397734,gato
1988,47.5553720529076,450.9526078165391,cachorro
1989,40.713144277352775,553.1278460085732,gato
1990,59.63155171068771,518.9161851903079,cachorro
1991,41.95638765938518,577.1626643553917,gato
1992,48.46574201180059,499.7511464608707,cachorro
1993,34.30988355724978,529.0301534536284,gato
1994,44.65095908960984,417.15962726468734,cachorro
1995,37.59045723645238,587.2749261206488,gato
1996,43.81886984225685,416.84608920571867,cachorro
1997,36.87647028806709,483.21553098804077,gato
1998,49.41561264356207,514.6374846805611,cachorro
1999,37.640400276656216,548.7469056849532,gato
